{
    "A": {
        "level": 3.5,
        "type": "DP-1032",
        "temp": 25.0
    },
    "B": {
        "level": 3.500000000000001,
        "type": "DS-2015",
        "temp": 25.0
    },
    "C": {
        "level": 2.3000000000000003,
        "type": "Coating_OF_136",
        "temp": 25.0
    },
    "D": {
        "level": 1.0,
        "type": "Coating_KS_1-002",
        "temp": 25.0
    }
}