Part Name,Item Type,Component,Serial Number,Location,Location Serial,Quantity,Min Level,Notes,Last Updated
Die 140,Part,63mm Furnace System,345,MAIN Shelf,LOC_MS_1,2.0,0.0,Auto from received order,2026-03-09 12:01:50
Grease (NLGI-2),Part,,,,,1.0,0.0,,
Coating::Coating_KS_1-002,Consumable,Consumables,,Consumables,COAT-STOCK,0.4,0.0,Auto sync from consumables (warehouse + containers),2026-03-24 10:24:18
Coating::Coating_KS_2-002,Consumable,Consumables,,Consumables,COAT-STOCK,3.3,0.0,Auto sync from consumables (warehouse + containers),2026-03-24 10:24:18
Coating::Coating_OF_136,Consumable,Consumables,,Consumables,COAT-STOCK,1.2,0.0,Auto sync from consumables (warehouse + containers),2026-03-24 10:24:18
Coating::DP-1032,Consumable,Consumables,,Consumables,COAT-STOCK,2.4,0.0,Auto sync from consumables (warehouse + containers),2026-03-24 10:24:18
Coating::DS-2015,Consumable,Consumables,,Consumables,COAT-STOCK,2.1,0.0,Auto sync from consumables (warehouse + containers),2026-03-24 10:24:18
Coating::DS-2042,Consumable,Consumables,,Consumables,COAT-STOCK,0.4,0.0,Auto sync from consumables (warehouse + containers),2026-03-24 10:24:18
IPA wipes,Consumable,Consumables,,,,5.0,0.0,,2026-03-09 10:25:02
Light machine oil,Part,General Tower Components,,MCVD,,1.0,0.0,Quick +,2026-03-09 10:56:17
FURNACE MOUNTING KIT,Part,63mm Furnace System,284329A,,,0.0,0.0,From manual BOM: 63mm Furnace Manual_Soreq_rev-22-Jul-20_AD.pdf,2026-03-09 18:49:04
FURNACE TOOL KIT 63mm ID GRAPHITE SET,Tool,63mm Furnace System,285245A,,,0.0,0.0,From manual BOM: 63mm Furnace Manual_Soreq_rev-22-Jul-20_AD.pdf,2026-03-09 18:49:04
WATER PANEL ASSEMBLY - 38 & 63mm FURNACE,Part,63mm Furnace System,288918A,,,0.0,0.0,From manual BOM: 63mm Furnace Manual_Soreq_rev-22-Jul-20_AD.pdf,2026-03-09 18:49:04
WATER PANEL ASSEMBLY - 63mm TRANSFORMER,Part,63mm Furnace System,288919A,,,0.0,0.0,From manual BOM: 63mm Furnace Manual_Soreq_rev-22-Jul-20_AD.pdf,2026-03-09 18:49:04
4000A TRANSFORMER ASSY,Part,63mm Furnace System,289091A,,,0.0,0.0,From manual BOM: 63mm Furnace Manual_Soreq_rev-22-Jul-20_AD.pdf,2026-03-09 18:49:04
63mm FURNACE ASSY,Part,63mm Furnace System,380033A,,,0.0,0.0,From manual BOM: 63mm Furnace Manual_Soreq_rev-22-Jul-20_AD.pdf,2026-03-09 18:49:04
RADIATION SHIELD ASSY,Part,63mm Furnace System,282701A,,,0.0,0.0,From manual BOM: 63mm Furnace Manual_Soreq_rev-22-Jul-20_AD.pdf,2026-03-09 18:49:04
WATER COOLED OUTLET,Part,63mm Furnace System,284266A,,,0.0,0.0,From manual BOM: 63mm Furnace Manual_Soreq_rev-22-Jul-20_AD.pdf,2026-03-09 18:49:04
FURNACE DOOR ASSEMBLY FOR 63MM FURNACE,Part,63mm Furnace System,285186A,,,0.0,0.0,From manual BOM: 63mm Furnace Manual_Soreq_rev-22-Jul-20_AD.pdf,2026-03-09 18:49:04
PYROMETER ASSY,Part,63mm Furnace System,286001A,,,0.0,0.0,From manual BOM: 63mm Furnace Manual_Soreq_rev-22-Jul-20_AD.pdf,2026-03-09 18:49:04
FURNACE BODY ASSY - 4 HOLES,Part,63mm Furnace System,288976A,,,0.0,0.0,From manual BOM: 63mm Furnace Manual_Soreq_rev-22-Jul-20_AD.pdf,2026-03-09 18:49:04
50mm GRAPHITE SET,Part,63mm Furnace System,380182A,,,0.0,0.0,From manual BOM: 63mm Furnace Manual_Soreq_rev-22-Jul-20_AD.pdf,2026-03-09 18:49:04
REAR PANEL,Part,63mm Furnace System,284363,,,0.0,0.0,From manual BOM: 63mm Furnace Manual_Soreq_rev-22-Jul-20_AD.pdf,2026-03-09 18:49:04
LH PANEL,Part,63mm Furnace System,284364,,,0.0,0.0,From manual BOM: 63mm Furnace Manual_Soreq_rev-22-Jul-20_AD.pdf,2026-03-09 18:49:04
RH PANEL,Part,63mm Furnace System,284365,,,0.0,0.0,From manual BOM: 63mm Furnace Manual_Soreq_rev-22-Jul-20_AD.pdf,2026-03-09 18:49:04
FRONT PANEL,Part,63mm Furnace System,284366,,,0.0,0.0,From manual BOM: 63mm Furnace Manual_Soreq_rev-22-Jul-20_AD.pdf,2026-03-09 18:49:04
DIODE ASSY SUPP BRKT,Part,63mm Furnace System,284367,,,0.0,0.0,From manual BOM: 63mm Furnace Manual_Soreq_rev-22-Jul-20_AD.pdf,2026-03-09 18:49:04
DIODE SUPPORT BRACKET,Part,63mm Furnace System,284368,,,0.0,0.0,From manual BOM: 63mm Furnace Manual_Soreq_rev-22-Jul-20_AD.pdf,2026-03-09 18:49:04
BUSBAR CLAMP PLATE,Part,63mm Furnace System,284369,,,0.0,0.0,From manual BOM: 63mm Furnace Manual_Soreq_rev-22-Jul-20_AD.pdf,2026-03-09 18:49:04
CLAMP BLOCK 16mm,Part,63mm Furnace System,284370,,,0.0,0.0,From manual BOM: 63mm Furnace Manual_Soreq_rev-22-Jul-20_AD.pdf,2026-03-09 18:49:04
CLAMP BLOCK 42.5mm,Part,63mm Furnace System,284371,,,0.0,0.0,From manual BOM: 63mm Furnace Manual_Soreq_rev-22-Jul-20_AD.pdf,2026-03-09 18:49:04
CLAMP BLOCK 35mm,Part,63mm Furnace System,284372,,,0.0,0.0,From manual BOM: 63mm Furnace Manual_Soreq_rev-22-Jul-20_AD.pdf,2026-03-09 18:49:04
M12 x 230 LONG STUD SS,Part,63mm Furnace System,284373,,,0.0,0.0,From manual BOM: 63mm Furnace Manual_Soreq_rev-22-Jul-20_AD.pdf,2026-03-09 18:49:04
CONNECTOR - DIODE,Part,63mm Furnace System,284374,,,0.0,0.0,From manual BOM: 63mm Furnace Manual_Soreq_rev-22-Jul-20_AD.pdf,2026-03-09 18:49:04
CLAMP WASHER,Part,63mm Furnace System,284375,,,0.0,0.0,From manual BOM: 63mm Furnace Manual_Soreq_rev-22-Jul-20_AD.pdf,2026-03-09 18:49:04
BUSBAR - 100x10mm x2M,Part,63mm Furnace System,284376,,,0.0,0.0,From manual BOM: 63mm Furnace Manual_Soreq_rev-22-Jul-20_AD.pdf,2026-03-09 18:49:04
35mm DIN RAIL 150 LONG,Part,63mm Furnace System,284378,,,0.0,0.0,From manual BOM: 63mm Furnace Manual_Soreq_rev-22-Jul-20_AD.pdf,2026-03-09 18:49:04
TOP PANEL,Part,63mm Furnace System,284672,,,0.0,0.0,From manual BOM: 63mm Furnace Manual_Soreq_rev-22-Jul-20_AD.pdf,2026-03-09 18:49:04
FAN MOUNTING BRACKET,Part,63mm Furnace System,284844,,,0.0,0.0,From manual BOM: 63mm Furnace Manual_Soreq_rev-22-Jul-20_AD.pdf,2026-03-09 18:49:04
TRANSFORMER DIODE MO,Part,63mm Furnace System,286109,,,0.0,0.0,From manual BOM: 63mm Furnace Manual_Soreq_rev-22-Jul-20_AD.pdf,2026-03-09 18:49:04
CONDUIT BRACKET,Part,63mm Furnace System,286491,,,0.0,0.0,From manual BOM: 63mm Furnace Manual_Soreq_rev-22-Jul-20_AD.pdf,2026-03-09 18:49:04
MTG PLATE - CURRENT SENSOR,Part,63mm Furnace System,286524,,,0.0,0.0,From manual BOM: 63mm Furnace Manual_Soreq_rev-22-Jul-20_AD.pdf,2026-03-09 18:49:04
DIODE CLAMP PLATE,Part,63mm Furnace System,288139,,,0.0,0.0,From manual BOM: 63mm Furnace Manual_Soreq_rev-22-Jul-20_AD.pdf,2026-03-09 18:49:04
CLEAR EXTRUDED ACRYLIC SHEET,Part,63mm Furnace System,289325,,,0.0,0.0,From manual BOM: 63mm Furnace Manual_Soreq_rev-22-Jul-20_AD.pdf,2026-03-09 18:49:04
Washer 12mm Std S/S,Part,63mm Furnace System,K00508,,,0.0,0.0,From manual BOM: 63mm Furnace Manual_Soreq_rev-22-Jul-20_AD.pdf,2026-03-09 18:49:04
HxNut M12 S/S,Part,63mm Furnace System,K00509,,,0.0,0.0,From manual BOM: 63mm Furnace Manual_Soreq_rev-22-Jul-20_AD.pdf,2026-03-09 18:49:04
O-RING CARRIER,Part,63mm Furnace System,185027,,,0.0,0.0,From manual BOM: 63mm Furnace Manual_Soreq_rev-22-Jul-20_AD.pdf,2026-03-09 18:49:04
O-RING RETAINER BUSH,Part,63mm Furnace System,185028,,,0.0,0.0,From manual BOM: 63mm Furnace Manual_Soreq_rev-22-Jul-20_AD.pdf,2026-03-09 18:49:04
WINDOW PYROMETER,Part,63mm Furnace System,185029,,,0.0,0.0,From manual BOM: 63mm Furnace Manual_Soreq_rev-22-Jul-20_AD.pdf,2026-03-09 18:49:04
PYRO WINDOW SPACER,Part,63mm Furnace System,185030,,,0.0,0.0,From manual BOM: 63mm Furnace Manual_Soreq_rev-22-Jul-20_AD.pdf,2026-03-09 18:49:04
TIE BAR INSULATION B,Part,63mm Furnace System,185091,,,0.0,0.0,From manual BOM: 63mm Furnace Manual_Soreq_rev-22-Jul-20_AD.pdf,2026-03-09 18:49:04
INNER INSULATION RING,Part,63mm Furnace System,185094,,,0.0,0.0,From manual BOM: 63mm Furnace Manual_Soreq_rev-22-Jul-20_AD.pdf,2026-03-09 18:49:04
OUTER INSULATION RING,Part,63mm Furnace System,186332,,,0.0,0.0,From manual BOM: 63mm Furnace Manual_Soreq_rev-22-Jul-20_AD.pdf,2026-03-09 18:49:04
GAS CURTAIN FLANGE,Part,63mm Furnace System,186705,,,0.0,0.0,From manual BOM: 63mm Furnace Manual_Soreq_rev-22-Jul-20_AD.pdf,2026-03-09 18:49:04
FURNACE BODY,Part,63mm Furnace System,186708,,,0.0,0.0,From manual BOM: 63mm Furnace Manual_Soreq_rev-22-Jul-20_AD.pdf,2026-03-09 18:49:04
BOTTOM COVER FLANGE,Part,63mm Furnace System,188404,,,0.0,0.0,From manual BOM: 63mm Furnace Manual_Soreq_rev-22-Jul-20_AD.pdf,2026-03-09 18:49:04
TIE BAR,Part,63mm Furnace System,282740,,,0.0,0.0,From manual BOM: 63mm Furnace Manual_Soreq_rev-22-Jul-20_AD.pdf,2026-03-09 18:49:04
TOP SEAL PLATE,Part,63mm Furnace System,285190,,,0.0,0.0,From manual BOM: 63mm Furnace Manual_Soreq_rev-22-Jul-20_AD.pdf,2026-03-09 18:49:04
TOP COVER FLANGE,Part,63mm Furnace System,285191,,,0.0,0.0,From manual BOM: 63mm Furnace Manual_Soreq_rev-22-Jul-20_AD.pdf,2026-03-09 18:49:04
LOWER CONDUCT FLANGE - NO HOLES,Part,63mm Furnace System,288974,,,0.0,0.0,From manual BOM: 63mm Furnace Manual_Soreq_rev-22-Jul-20_AD.pdf,2026-03-09 18:49:04
UPPER CONDUCT FLANGE - NO HOLES,Part,63mm Furnace System,288975,,,0.0,0.0,From manual BOM: 63mm Furnace Manual_Soreq_rev-22-Jul-20_AD.pdf,2026-03-09 18:49:04
Washer 8mm Std S/S,Part,63mm Furnace System,K00065,,,0.0,0.0,From manual BOM: 63mm Furnace Manual_Soreq_rev-22-Jul-20_AD.pdf,2026-03-09 18:49:04
HxCpHd M5x8 S/S,Part,63mm Furnace System,K00162,,,0.0,0.0,From manual BOM: 63mm Furnace Manual_Soreq_rev-22-Jul-20_AD.pdf,2026-03-09 18:49:04
HxCpHd M6x35 S/S,Part,63mm Furnace System,K00279,,,0.0,0.0,From manual BOM: 63mm Furnace Manual_Soreq_rev-22-Jul-20_AD.pdf,2026-03-09 18:49:04
Washer 6mm Std S/S,Part,63mm Furnace System,K00313,,,0.0,0.0,From manual BOM: 63mm Furnace Manual_Soreq_rev-22-Jul-20_AD.pdf,2026-03-09 18:49:04
HxNut M8 S/S,Part,63mm Furnace System,K00345,,,0.0,0.0,From manual BOM: 63mm Furnace Manual_Soreq_rev-22-Jul-20_AD.pdf,2026-03-09 18:49:04
HxCpHd M6x60 S/S,Part,63mm Furnace System,K00494,,,0.0,0.0,From manual BOM: 63mm Furnace Manual_Soreq_rev-22-Jul-20_AD.pdf,2026-03-09 18:49:04
"UNION 1/4""",Part,63mm Furnace System,P01961,,,0.0,0.0,From manual BOM: 63mm Furnace Manual_Soreq_rev-22-Jul-20_AD.pdf,2026-03-09 18:49:04
"CONNECTOR 1/8"" BSPT 1/4""",Part,63mm Furnace System,P01962,,,0.0,0.0,From manual BOM: 63mm Furnace Manual_Soreq_rev-22-Jul-20_AD.pdf,2026-03-09 18:49:04
"CONNECTOR 3/8"" - 1/8"" BSPT",Part,63mm Furnace System,P02956,,,0.0,0.0,From manual BOM: 63mm Furnace Manual_Soreq_rev-22-Jul-20_AD.pdf,2026-03-09 18:49:04
"3/8"" HOSE x 3/8"" TUBE",Part,63mm Furnace System,P03243,,,0.0,0.0,From manual BOM: 63mm Furnace Manual_Soreq_rev-22-Jul-20_AD.pdf,2026-03-09 18:49:04
O-RING VITON,Part,63mm Furnace System,S00052,,,0.0,0.0,From manual BOM: 63mm Furnace Manual_Soreq_rev-22-Jul-20_AD.pdf,2026-03-09 18:49:04
PYROMETER CLAMP,Part,63mm Furnace System,P00636,,,0.0,0.0,From manual BOM: 63mm Furnace Manual_Soreq_rev-22-Jul-20_AD.pdf,2026-03-09 18:49:04
O RING 200-261-9775,Part,63mm Furnace System,S00054,,,0.0,0.0,From manual BOM: 63mm Furnace Manual_Soreq_rev-22-Jul-20_AD.pdf,2026-03-09 18:49:04
O RING 200-112-9775,Part,63mm Furnace System,S00202,,,0.0,0.0,From manual BOM: 63mm Furnace Manual_Soreq_rev-22-Jul-20_AD.pdf,2026-03-09 18:49:04
O RING 200-254-9775,Part,63mm Furnace System,S00324,,,0.0,0.0,From manual BOM: 63mm Furnace Manual_Soreq_rev-22-Jul-20_AD.pdf,2026-03-09 18:49:04
O RING 200-242-9775,Part,63mm Furnace System,S00372,,,0.0,0.0,From manual BOM: 63mm Furnace Manual_Soreq_rev-22-Jul-20_AD.pdf,2026-03-09 18:49:04
10mm PIPE SPACER,Part,63mm Furnace System,287894,,,0.0,0.0,From manual BOM: 63mm Furnace Manual_Soreq_rev-22-Jul-20_AD.pdf,2026-03-09 18:49:04
20mm PIPE SPACER,Part,63mm Furnace System,287903,,,0.0,0.0,From manual BOM: 63mm Furnace Manual_Soreq_rev-22-Jul-20_AD.pdf,2026-03-09 18:49:04
PANEL - TRANSFORMER WATER MANIFOLDS,Part,63mm Furnace System,288920,,,0.0,0.0,From manual BOM: 63mm Furnace Manual_Soreq_rev-22-Jul-20_AD.pdf,2026-03-09 18:49:04
22MM COMPRESSION BALL VALVE,Part,63mm Furnace System,H05146,,,0.0,0.0,From manual BOM: 63mm Furnace Manual_Soreq_rev-22-Jul-20_AD.pdf,2026-03-09 18:49:04
"5mm PLAIN WASHER - STD, S/S",Part,63mm Furnace System,K00061,,,0.0,0.0,From manual BOM: 63mm Furnace Manual_Soreq_rev-22-Jul-20_AD.pdf,2026-03-09 18:49:04
HxCpHd M4x10 S/S,Part,63mm Furnace System,K00284,,,0.0,0.0,From manual BOM: 63mm Furnace Manual_Soreq_rev-22-Jul-20_AD.pdf,2026-03-09 18:49:04
M5x95 SKT CAP SCREW S/S,Part,63mm Furnace System,K03044,,,0.0,0.0,From manual BOM: 63mm Furnace Manual_Soreq_rev-22-Jul-20_AD.pdf,2026-03-09 18:49:04
HxCpHd M6x90 S/S,Part,63mm Furnace System,K03263,,,0.0,0.0,From manual BOM: 63mm Furnace Manual_Soreq_rev-22-Jul-20_AD.pdf,2026-03-09 18:49:04
"1/2"" BSP BLANKING PLUG",Part,63mm Furnace System,P03120,,,0.0,0.0,From manual BOM: 63mm Furnace Manual_Soreq_rev-22-Jul-20_AD.pdf,2026-03-09 18:49:04
"1/2"" OD TUBE UNION ELBOW BRASS",Part,63mm Furnace System,P02608,,,0.0,0.0,From manual BOM: 63mm Furnace Manual_Soreq_rev-22-Jul-20_AD.pdf,2026-03-09 18:49:04
"1/8"" TUBE TO 1/4"" BSP MALE CONNECTOR",Part,63mm Furnace System,P03780,,,0.0,0.0,From manual BOM: 63mm Furnace Manual_Soreq_rev-22-Jul-20_AD.pdf,2026-03-09 18:49:04
"1"" BSP HOSETAIL",Part,63mm Furnace System,P04006,,,0.0,0.0,From manual BOM: 63mm Furnace Manual_Soreq_rev-22-Jul-20_AD.pdf,2026-03-09 18:49:04
"1"" BSP FEMALE TO 22mm COUPLING",Part,63mm Furnace System,P04014,,,0.0,0.0,From manual BOM: 63mm Furnace Manual_Soreq_rev-22-Jul-20_AD.pdf,2026-03-09 18:49:04
22mm STANJDARD CLAMP PP,Part,63mm Furnace System,P04069,,,0.0,0.0,From manual BOM: 63mm Furnace Manual_Soreq_rev-22-Jul-20_AD.pdf,2026-03-09 18:49:04
COVER PLATE DP3 W3,Part,63mm Furnace System,P04070,,,0.0,0.0,From manual BOM: 63mm Furnace Manual_Soreq_rev-22-Jul-20_AD.pdf,2026-03-09 18:49:04
"BONDED SEAL FOR 1"" BSP",Part,63mm Furnace System,P04071,,,0.0,0.0,From manual BOM: 63mm Furnace Manual_Soreq_rev-22-Jul-20_AD.pdf,2026-03-09 18:49:04
"BONDED SEAL FOR 1/2"" BSP",Part,63mm Furnace System,P04072,,,0.0,0.0,From manual BOM: 63mm Furnace Manual_Soreq_rev-22-Jul-20_AD.pdf,2026-03-09 18:49:04
"BONDED SEAL FOR 1/4"" BSP",Part,63mm Furnace System,P04073,,,0.0,0.0,From manual BOM: 63mm Furnace Manual_Soreq_rev-22-Jul-20_AD.pdf,2026-03-09 18:49:04
"4 WAY MANIFOLD - 1/2"" BSP PORTS",Part,63mm Furnace System,P04074,,,0.0,0.0,From manual BOM: 63mm Furnace Manual_Soreq_rev-22-Jul-20_AD.pdf,2026-03-09 18:49:04
"1/2"" TO 1/4"" BSP PL REDUCING BUSH",Part,63mm Furnace System,P04075,,,0.0,0.0,From manual BOM: 63mm Furnace Manual_Soreq_rev-22-Jul-20_AD.pdf,2026-03-09 18:49:04
"22mm TO 1/2"" BSP MALE COUPLER",Part,63mm Furnace System,P04076,,,0.0,0.0,From manual BOM: 63mm Furnace Manual_Soreq_rev-22-Jul-20_AD.pdf,2026-03-09 18:49:04
"FLOW SWITCH 6 - 15 l/min 1/2"" BSP",Part,63mm Furnace System,V01552,,,0.0,0.0,From manual BOM: 63mm Furnace Manual_Soreq_rev-22-Jul-20_AD.pdf,2026-03-09 18:49:04
"MALE CONNECTOR 3/8""",Part,63mm Furnace System,P03197,,,0.0,0.0,From manual BOM: 63mm Furnace Manual_Soreq_rev-22-Jul-20_AD.pdf,2026-03-09 18:49:04
"1/2"" G Female to 1/2"" tube",Part,63mm Furnace System,P03046,,,0.0,0.0,From manual BOM: 63mm Furnace Manual_Soreq_rev-22-Jul-20_AD.pdf,2026-03-09 18:49:04
SPACER (14mm),Part,63mm Furnace System,125886,,,0.0,0.0,From manual BOM: 63mm Furnace Manual_Soreq_rev-22-Jul-20_AD.pdf,2026-03-09 18:49:04
SPACER 20MM,Part,63mm Furnace System,288643,,,0.0,0.0,From manual BOM: 63mm Furnace Manual_Soreq_rev-22-Jul-20_AD.pdf,2026-03-09 18:49:04
PANEL - 38mm FURNACE WATER,Part,63mm Furnace System,288928,,,0.0,0.0,From manual BOM: 63mm Furnace Manual_Soreq_rev-22-Jul-20_AD.pdf,2026-03-09 18:49:04
HxCpHd M5x100 S/S,Part,63mm Furnace System,K03090,,,0.0,0.0,From manual BOM: 63mm Furnace Manual_Soreq_rev-22-Jul-20_AD.pdf,2026-03-09 18:49:04
HxCpHd M6x100 S/S,Part,63mm Furnace System,K03263,,,0.0,0.0,From manual BOM: 63mm Furnace Manual_Soreq_rev-22-Jul-20_AD.pdf,2026-03-09 18:49:04
"HOSE CONNECTOR 1/2"" BARB to 1/2"" TUBE",Part,63mm Furnace System,P02910,,,0.0,0.0,From manual BOM: 63mm Furnace Manual_Soreq_rev-22-Jul-20_AD.pdf,2026-03-09 18:49:04
"3/8"" BSP TO 3/8"" SWAGELOK",Part,63mm Furnace System,P03309,,,0.0,0.0,From manual BOM: 63mm Furnace Manual_Soreq_rev-22-Jul-20_AD.pdf,2026-03-09 18:49:04
"6 WAY MANIFOLD - 1/2"" BSP",Part,63mm Furnace System,P04000,,,0.0,0.0,From manual BOM: 63mm Furnace Manual_Soreq_rev-22-Jul-20_AD.pdf,2026-03-09 18:49:04
"3/8"" TO 1/4"" BSP REDUCING BUSH",Part,63mm Furnace System,P04001,,,0.0,0.0,From manual BOM: 63mm Furnace Manual_Soreq_rev-22-Jul-20_AD.pdf,2026-03-09 18:49:04
"FEMALE COUPLER 15mm TO 1/2"" BSPT",Part,63mm Furnace System,P04009,,,0.0,0.0,From manual BOM: 63mm Furnace Manual_Soreq_rev-22-Jul-20_AD.pdf,2026-03-09 18:49:04
"3/8"" TO 1/8"" REDUCER",Part,63mm Furnace System,P04010,,,0.0,0.0,From manual BOM: 63mm Furnace Manual_Soreq_rev-22-Jul-20_AD.pdf,2026-03-09 18:49:04
REDUCING TEE 22 x 22 x 15,Part,63mm Furnace System,P04016,,,0.0,0.0,From manual BOM: 63mm Furnace Manual_Soreq_rev-22-Jul-20_AD.pdf,2026-03-09 18:49:04
"22mm TO 1"" BSP MALE COUPLER",Part,63mm Furnace System,P04077,,,0.0,0.0,From manual BOM: 63mm Furnace Manual_Soreq_rev-22-Jul-20_AD.pdf,2026-03-09 18:49:04
BONDED SEAL 3/8,Part,63mm Furnace System,S00184,,,0.0,0.0,From manual BOM: 63mm Furnace Manual_Soreq_rev-22-Jul-20_AD.pdf,2026-03-09 18:49:04
FLOW SWITCH 30 - 90 l/min,Part,63mm Furnace System,V01559,,,0.0,0.0,From manual BOM: 63mm Furnace Manual_Soreq_rev-22-Jul-20_AD.pdf,2026-03-09 18:49:04
STOP/ADJUSTER BLOCK,Part,63mm Furnace System,283852,,,0.0,0.0,From manual BOM: 63mm Furnace Manual_Soreq_rev-22-Jul-20_AD.pdf,2026-03-09 18:49:04
CLAMP WASHER,Part,63mm Furnace System,283938,,,0.0,0.0,From manual BOM: 63mm Furnace Manual_Soreq_rev-22-Jul-20_AD.pdf,2026-03-09 18:49:04
SUPPORT PLT ASSY 63 FURNACE,Part,63mm Furnace System,284330A,,,0.0,0.0,From manual BOM: 63mm Furnace Manual_Soreq_rev-22-Jul-20_AD.pdf,2026-03-09 18:49:04
ADJUSTER PLATE 63MM,Part,63mm Furnace System,284336,,,0.0,0.0,From manual BOM: 63mm Furnace Manual_Soreq_rev-22-Jul-20_AD.pdf,2026-03-09 18:49:04
BUSBAR SUPPORT BLOCK,Part,63mm Furnace System,284337,,,0.0,0.0,From manual BOM: 63mm Furnace Manual_Soreq_rev-22-Jul-20_AD.pdf,2026-03-09 18:49:04
BUSBAR CLAMP PLATE,Part,63mm Furnace System,284338,,,0.0,0.0,From manual BOM: 63mm Furnace Manual_Soreq_rev-22-Jul-20_AD.pdf,2026-03-09 18:49:04
CLAMP BLOCK 16mm,Part,63mm Furnace System,284339,,,0.0,0.0,From manual BOM: 63mm Furnace Manual_Soreq_rev-22-Jul-20_AD.pdf,2026-03-09 18:49:04
CLAMP BLOCK 25mm,Part,63mm Furnace System,284340,,,0.0,0.0,From manual BOM: 63mm Furnace Manual_Soreq_rev-22-Jul-20_AD.pdf,2026-03-09 18:49:04
STUD SUPPORT PLATE ASSY,Part,63mm Furnace System,284341A,,,0.0,0.0,From manual BOM: 63mm Furnace Manual_Soreq_rev-22-Jul-20_AD.pdf,2026-03-09 18:49:04
COPPER SPACER BLOCK,Part,63mm Furnace System,284345,,,0.0,0.0,From manual BOM: 63mm Furnace Manual_Soreq_rev-22-Jul-20_AD.pdf,2026-03-09 18:49:04
M16 x 450 STUD,Part,63mm Furnace System,284360,,,0.0,0.0,From manual BOM: 63mm Furnace Manual_Soreq_rev-22-Jul-20_AD.pdf,2026-03-09 18:49:04
SUPPORT STUD - 64.5mm,Part,63mm Furnace System,284706,,,0.0,0.0,From manual BOM: 63mm Furnace Manual_Soreq_rev-22-Jul-20_AD.pdf,2026-03-09 18:49:04
StScr-M6x25 S/S,Part,63mm Furnace System,H04380,,,0.0,0.0,From manual BOM: 63mm Furnace Manual_Soreq_rev-22-Jul-20_AD.pdf,2026-03-09 18:49:04
BUSBAR CLAMP 100mm,Part,63mm Furnace System,H04535,,,0.0,0.0,From manual BOM: 63mm Furnace Manual_Soreq_rev-22-Jul-20_AD.pdf,2026-03-09 18:49:04
HxCpHd M6x25 S/S,Part,63mm Furnace System,K00030,,,0.0,0.0,From manual BOM: 63mm Furnace Manual_Soreq_rev-22-Jul-20_AD.pdf,2026-03-09 18:49:04
Washer 5mm Std S/S,Part,63mm Furnace System,K00061,,,0.0,0.0,From manual BOM: 63mm Furnace Manual_Soreq_rev-22-Jul-20_AD.pdf,2026-03-09 18:49:04
HxCpHd M5x20 S/S,Part,63mm Furnace System,K00293,,,0.0,0.0,From manual BOM: 63mm Furnace Manual_Soreq_rev-22-Jul-20_AD.pdf,2026-03-09 18:49:04
HxNut M6 S/S,Part,63mm Furnace System,K00312,,,0.0,0.0,From manual BOM: 63mm Furnace Manual_Soreq_rev-22-Jul-20_AD.pdf,2026-03-09 18:49:04
Washer M10 (Form A) S/S,Part,63mm Furnace System,K00513,,,0.0,0.0,From manual BOM: 63mm Furnace Manual_Soreq_rev-22-Jul-20_AD.pdf,2026-03-09 18:49:04
HxNut M10 S/S,Part,63mm Furnace System,K00549,,,0.0,0.0,From manual BOM: 63mm Furnace Manual_Soreq_rev-22-Jul-20_AD.pdf,2026-03-09 18:49:04
HxNut M16 Half S/S,Part,63mm Furnace System,K00864,,,0.0,0.0,From manual BOM: 63mm Furnace Manual_Soreq_rev-22-Jul-20_AD.pdf,2026-03-09 18:49:04
HxCpHd M8x25 S/S,Part,63mm Furnace System,K00882,,,0.0,0.0,From manual BOM: 63mm Furnace Manual_Soreq_rev-22-Jul-20_AD.pdf,2026-03-09 18:49:04
HxNut Full M16 S/S,Part,63mm Furnace System,K00902,,,0.0,0.0,From manual BOM: 63mm Furnace Manual_Soreq_rev-22-Jul-20_AD.pdf,2026-03-09 18:49:04
Washer M16 (Form C) S/S,Part,63mm Furnace System,K00903,,,0.0,0.0,From manual BOM: 63mm Furnace Manual_Soreq_rev-22-Jul-20_AD.pdf,2026-03-09 18:49:04
HxHd Bolt M16 x 80 S/S,Part,63mm Furnace System,K03202,,,0.0,0.0,From manual BOM: 63mm Furnace Manual_Soreq_rev-22-Jul-20_AD.pdf,2026-03-09 18:49:04
HxHd Bolt M16x100 S/S,Part,63mm Furnace System,K03203,,,0.0,0.0,From manual BOM: 63mm Furnace Manual_Soreq_rev-22-Jul-20_AD.pdf,2026-03-09 18:49:04
HxCpHd M12x30 HTS 12.9,Part,63mm Furnace System,K03285,,,0.0,0.0,From manual BOM: 63mm Furnace Manual_Soreq_rev-22-Jul-20_AD.pdf,2026-03-09 18:49:04
GUIDE PULLEY & BREAK DETECTOR,Part,Capstan System,380111A,,,0.0,0.0,From manual BOM: Capstan V2.pdf,2026-03-09 18:49:04
500mm CAPSTAN SLIDING DOOR,Part,Capstan System,287756A,,,0.0,0.0,From manual BOM: Capstan V2.pdf,2026-03-09 18:49:04
AL EXT. 30X30X600,Part,Manual BOM,284609,,,0.0,0.0,From manual BOM: Centering Pulley & break detector.pdf,2026-03-09 18:49:04
30 x 30 x 95 AL.EXTRUSION,Part,Manual BOM,284925,,,0.0,0.0,From manual BOM: Centering Pulley & break detector.pdf,2026-03-09 18:49:04
30 x 60 x 292 AL.EXTRUSION,Part,Manual BOM,380178,,,0.0,0.0,From manual BOM: Centering Pulley & break detector.pdf,2026-03-09 18:49:04
Core Screw M8 x 25 S/S,Part,Manual BOM,H04487,,,0.0,0.0,From manual BOM: Centering Pulley & break detector.pdf,2026-03-09 18:49:04
BRACKET 30X60X120,Part,Manual BOM,H04488,,,0.0,0.0,From manual BOM: Centering Pulley & break detector.pdf,2026-03-09 18:49:04
CAP 30X30,Part,Manual BOM,H04489,,,0.0,0.0,From manual BOM: Centering Pulley & break detector.pdf,2026-03-09 18:49:04
T-NUT M8 8MM,Part,Manual BOM,H04490,,,0.0,0.0,From manual BOM: Centering Pulley & break detector.pdf,2026-03-09 18:49:04
BRACKET COVER,Part,Manual BOM,H04497,,,0.0,0.0,From manual BOM: Centering Pulley & break detector.pdf,2026-03-09 18:49:04
QUICK CON 8 TO 10,Part,Manual BOM,H04607,,,0.0,0.0,From manual BOM: Centering Pulley & break detector.pdf,2026-03-09 18:49:04
M8 TEE NUT 10 GRV,Part,Manual BOM,H04608,,,0.0,0.0,From manual BOM: Centering Pulley & break detector.pdf,2026-03-09 18:49:04
HxCpHd M8x16 S/S,Part,Manual BOM,K00405,,,0.0,0.0,From manual BOM: Centering Pulley & break detector.pdf,2026-03-09 18:49:04
HxCpHd M8x12 S/S,Part,Manual BOM,K00721,,,0.0,0.0,From manual BOM: Centering Pulley & break detector.pdf,2026-03-09 18:49:04
CLAMP WASHER - RECTANGULAR M4,Part,Manual BOM,284450,,,0.0,0.0,From manual BOM: Centering Pulley & break detector.pdf,2026-03-09 18:49:04
CLAMP WASHER,Part,Manual BOM,284565,,,0.0,0.0,From manual BOM: Centering Pulley & break detector.pdf,2026-03-09 18:49:04
PULLEY SPIGOT - GUIDE PUULEY,Part,Manual BOM,284657,,,0.0,0.0,From manual BOM: Centering Pulley & break detector.pdf,2026-03-09 18:49:04
150mm DIA. VEE GROOVE PULLEY,Part,Manual BOM,284664,,,0.0,0.0,From manual BOM: Centering Pulley & break detector.pdf,2026-03-09 18:49:04
MTG BTKT -BREAK DETECTOR,Part,Manual BOM,284680,,,0.0,0.0,From manual BOM: Centering Pulley & break detector.pdf,2026-03-09 18:49:04
MOUNTING BLOCK - GUIDE PULLEY,Part,Manual BOM,380176,,,0.0,0.0,From manual BOM: Centering Pulley & break detector.pdf,2026-03-09 18:49:04
ROTATING STAGE,Part,Manual BOM,H05334,,,0.0,0.0,From manual BOM: Centering Pulley & break detector.pdf,2026-03-09 18:49:04
PULLEY BRACKET,Part,Manual BOM,380177,,,0.0,0.0,From manual BOM: Centering Pulley & break detector.pdf,2026-03-09 18:49:04
ANGLE BRACKET,Part,Manual BOM,H05335,,,0.0,0.0,From manual BOM: Centering Pulley & break detector.pdf,2026-03-09 18:49:04
LINEAR SLIDE,Part,Manual BOM,H05333,,,0.0,0.0,From manual BOM: Centering Pulley & break detector.pdf,2026-03-09 18:49:04
HxCpHd M4x12 S/S,Part,Manual BOM,K00095,,,0.0,0.0,From manual BOM: Centering Pulley & break detector.pdf,2026-03-09 18:49:04
HxCpHd M3x20 S/S,Part,Manual BOM,K03170,,,0.0,0.0,From manual BOM: Centering Pulley & break detector.pdf,2026-03-09 18:49:04
CAPSTAN GUIDE PULLEY,Part,Manual BOM,380174A,,,0.0,0.0,From manual BOM: Centering Pulley & break detector.pdf,2026-03-09 18:49:04
SUPPORT BRACKET - GUIDE PULLEY,Part,Manual BOM,380175A,,,0.0,0.0,From manual BOM: Centering Pulley & break detector.pdf,2026-03-09 18:49:04
T-NUT M6 8MM,Part,Manual BOM,H04445,,,0.0,0.0,From manual BOM: Centering Pulley & break detector.pdf,2026-03-09 18:49:04
200 DUCT SUPPORT,Part,Clean Air System,280851,,,0.0,0.0,From manual BOM: Clean Air System.pdf,2026-03-09 18:49:04
DUCTING SUPPORT MNTG BRK,Part,Clean Air System,280853,,,0.0,0.0,From manual BOM: Clean Air System.pdf,2026-03-09 18:49:04
TUBE SPIROL 200MM,Part,Clean Air System,P02801,,,0.0,0.0,From manual BOM: Clean Air System.pdf,2026-03-09 18:49:04
250mm TO 200mm REDUCER,Part,Clean Air System,P02802,,,0.0,0.0,From manual BOM: Clean Air System.pdf,2026-03-09 18:49:04
250mm EQUAL TEE,Part,Clean Air System,P02803,,,0.0,0.0,From manual BOM: Clean Air System.pdf,2026-03-09 18:49:04
200mm EQUAL TEE,Part,Clean Air System,P04186,,,0.0,0.0,From manual BOM: Clean Air System.pdf,2026-03-09 18:49:04
200mm dia B 90DEG.,Part,Clean Air System,P02805,,,0.0,0.0,From manual BOM: Clean Air System.pdf,2026-03-09 18:49:04
200mm dia B 60DEG.,Part,Clean Air System,P02806,,,0.0,0.0,From manual BOM: Clean Air System.pdf,2026-03-09 18:49:04
DUCT COUPLING FEMALE 200mm,Part,Clean Air System,P02919,,,0.0,0.0,From manual BOM: Clean Air System.pdf,2026-03-09 18:49:04
DUCT COUPLING FEMALE 200mm,Part,Clean Air System,P02920,,,0.0,0.0,From manual BOM: Clean Air System.pdf,2026-03-09 18:49:04
300mm-250mm REDUCER,Part,Clean Air System,P02923,,,0.0,0.0,From manual BOM: Clean Air System.pdf,2026-03-09 18:49:04
FILTER BRACKET LH,Part,Clean Air System,280967,,,0.0,0.0,From manual BOM: Clean Air System.pdf,2026-03-09 18:49:04
FILTER BRACKET RH,Part,Clean Air System,280968,,,0.0,0.0,From manual BOM: Clean Air System.pdf,2026-03-09 18:49:04
FILTER CLAMP BRACKET,Part,Clean Air System,282329,,,0.0,0.0,From manual BOM: Clean Air System.pdf,2026-03-09 18:49:04
FILTER - HEPA,Part,Clean Air System,F00137,,,0.0,0.0,From manual BOM: Clean Air System.pdf,2026-03-09 18:49:04
CskSlt M3x10 S/S,Part,Clean Air System,K00072,,,0.0,0.0,From manual BOM: Clean Air System.pdf,2026-03-09 18:49:04
"STD, S/S",Part,Clean Air System,K00313,,,0.0,0.0,From manual BOM: Clean Air System.pdf,2026-03-09 18:49:04
M6 x 12 PAN SLOT S/S,Part,Clean Air System,K00324,,,0.0,0.0,From manual BOM: Clean Air System.pdf,2026-03-09 18:49:04
FAN CABINET ASSY,Part,Clean Air System,188532A,,,0.0,0.0,From manual BOM: Clean Air System.pdf,2026-03-09 18:49:04
TOWER FIXING ASSY,Part,Clean Air System,284153A,,,0.0,0.0,From manual BOM: Clean Air System.pdf,2026-03-09 18:49:04
TOWER MODULE 1 ASSY BASE,Part,Clean Air System,380077A,,,0.0,0.0,From manual BOM: Clean Air System.pdf,2026-03-09 18:49:04
TOWER MODULE 2 ASSY,Part,Clean Air System,380078A,,,0.0,0.0,From manual BOM: Clean Air System.pdf,2026-03-09 18:49:04
TOWER MODULE 3 ASSY,Part,Clean Air System,380079A,,,0.0,0.0,From manual BOM: Clean Air System.pdf,2026-03-09 18:49:04
TOWER MODULE 4 ASSY,Part,Clean Air System,380080A,,,0.0,0.0,From manual BOM: Clean Air System.pdf,2026-03-09 18:49:04
TOWER MODULE 5 ASSY PREFORM,Part,Clean Air System,380081A,,,0.0,0.0,From manual BOM: Clean Air System.pdf,2026-03-09 18:49:04
CLEAN AIR FILTERS X 3,Part,Clean Air System,380120A,,,0.0,0.0,From manual BOM: Clean Air System.pdf,2026-03-09 18:49:04
PREFORM DRIVE ASSEMBLY,Part,Clean Air System,380121A,,,0.0,0.0,From manual BOM: Clean Air System.pdf,2026-03-09 18:49:04
12.5m TOWER DUCTING ASSY,Part,Clean Air System,380422A,,,0.0,0.0,From manual BOM: Clean Air System.pdf,2026-03-09 18:49:04
LAR,Part,Clean Air System,12500,,,0.0,0.0,From manual BOM: Clean Air System.pdf,2026-03-09 18:49:04
150mm DIA FLAT BOTTOM PULLEY,Part,Guide Pulley / Tension Gauge,284665,,,0.0,0.0,From manual BOM: Guide Pulley & Tension Gauge.pdf,2026-03-09 18:49:04
SPACER,Part,Guide Pulley / Tension Gauge,284890,,,0.0,0.0,From manual BOM: Guide Pulley & Tension Gauge.pdf,2026-03-09 18:49:04
STOP BLOCK,Part,Guide Pulley / Tension Gauge,284892,,,0.0,0.0,From manual BOM: Guide Pulley & Tension Gauge.pdf,2026-03-09 18:49:04
MOUNTING PLATE,Part,Guide Pulley / Tension Gauge,284893,,,0.0,0.0,From manual BOM: Guide Pulley & Tension Gauge.pdf,2026-03-09 18:49:04
END PLATE,Part,Guide Pulley / Tension Gauge,284894,,,0.0,0.0,From manual BOM: Guide Pulley & Tension Gauge.pdf,2026-03-09 18:49:04
BRACKET - SEL SWITCH,Part,Guide Pulley / Tension Gauge,284895,,,0.0,0.0,From manual BOM: Guide Pulley & Tension Gauge.pdf,2026-03-09 18:49:04
M10 SPECIAL WASHER,Part,Guide Pulley / Tension Gauge,284995,,,0.0,0.0,From manual BOM: Guide Pulley & Tension Gauge.pdf,2026-03-09 18:49:04
BASEPLATE,Part,Guide Pulley / Tension Gauge,286040,,,0.0,0.0,From manual BOM: Guide Pulley & Tension Gauge.pdf,2026-03-09 18:49:04
DAMPER NUT M12X1,Part,Guide Pulley / Tension Gauge,H04517,,,0.0,0.0,From manual BOM: Guide Pulley & Tension Gauge.pdf,2026-03-09 18:49:04
ACE SHOCK ABSORBER,Part,Guide Pulley / Tension Gauge,H04519,,,0.0,0.0,From manual BOM: Guide Pulley & Tension Gauge.pdf,2026-03-09 18:49:04
POINTING PLATE,Part,Guide Pulley / Tension Gauge,H04520,,,0.0,0.0,From manual BOM: Guide Pulley & Tension Gauge.pdf,2026-03-09 18:49:04
SCALE PLATE 200MM,Part,Guide Pulley / Tension Gauge,H04521,,,0.0,0.0,From manual BOM: Guide Pulley & Tension Gauge.pdf,2026-03-09 18:49:04
HxCpHd M6x12 S/S,Part,Guide Pulley / Tension Gauge,K00067,,,0.0,0.0,From manual BOM: Guide Pulley & Tension Gauge.pdf,2026-03-09 18:49:04
HxCpHd M6x20 S/S,Part,Guide Pulley / Tension Gauge,K00086,,,0.0,0.0,From manual BOM: Guide Pulley & Tension Gauge.pdf,2026-03-09 18:49:04
PnHd M3 x 8 S/S,Part,Guide Pulley / Tension Gauge,K00096,,,0.0,0.0,From manual BOM: Guide Pulley & Tension Gauge.pdf,2026-03-09 18:49:04
HxCpHd M4x16 S/S,Part,Guide Pulley / Tension Gauge,K00482,,,0.0,0.0,From manual BOM: Guide Pulley & Tension Gauge.pdf,2026-03-09 18:49:04
M5 TO 4MM PUSH IN,Part,Guide Pulley / Tension Gauge,P03736,,,0.0,0.0,From manual BOM: Guide Pulley & Tension Gauge.pdf,2026-03-09 18:49:04
PUSH IN FITTING 6mm TUBE TO M5,Part,Guide Pulley / Tension Gauge,P03752,,,0.0,0.0,From manual BOM: Guide Pulley & Tension Gauge.pdf,2026-03-09 18:49:04
DMF12 GUIDED DRIVE,Part,Guide Pulley / Tension Gauge,R00125,,,0.0,0.0,From manual BOM: Guide Pulley & Tension Gauge.pdf,2026-03-09 18:49:04
5/2 VALVE PANEL MOUNT,Part,Guide Pulley / Tension Gauge,V01486,,,0.0,0.0,From manual BOM: Guide Pulley & Tension Gauge.pdf,2026-03-09 18:49:04
ACTUATOR - SELECT SW,Part,Guide Pulley / Tension Gauge,V01487,,,0.0,0.0,From manual BOM: Guide Pulley & Tension Gauge.pdf,2026-03-09 18:49:04
ONE WAY FLOW CTRL VALVE,Part,Guide Pulley / Tension Gauge,V01535,,,0.0,0.0,From manual BOM: Guide Pulley & Tension Gauge.pdf,2026-03-09 18:49:04
MOUNTING BRACKET,Part,Capstan System,380820,,,0.0,0.0,From manual BOM: Mini Capstan.pdf,2026-03-09 18:49:04
HxCpHd M4x8 S/S,Part,Capstan System,K00621,,,0.0,0.0,From manual BOM: Mini Capstan.pdf,2026-03-09 18:49:04
PULLEY MOUNTING BLOCK,Part,Take Up Winder,187545,,,0.0,0.0,From manual BOM: Take Up Winder.pdf,2026-03-09 18:49:04
COLLAR,Part,Take Up Winder,188760,,,0.0,0.0,From manual BOM: Take Up Winder.pdf,2026-03-09 18:49:04
RETAINING WASHER,Part,Take Up Winder,188761,,,0.0,0.0,From manual BOM: Take Up Winder.pdf,2026-03-09 18:49:04
FOOT PLATE,Part,Take Up Winder,284531,,,0.0,0.0,From manual BOM: Take Up Winder.pdf,2026-03-09 18:49:04
MOUNTING BRACKET,Part,Take Up Winder,284532,,,0.0,0.0,From manual BOM: Take Up Winder.pdf,2026-03-09 18:49:04
MOUNTING BRACKET - MICROSWITCH,Part,Take Up Winder,284533,,,0.0,0.0,From manual BOM: Take Up Winder.pdf,2026-03-09 18:49:04
M2 RECT CLAMP WASHER,Part,Take Up Winder,284534,,,0.0,0.0,From manual BOM: Take Up Winder.pdf,2026-03-09 18:49:04
NODDING ARM,Part,Take Up Winder,284536,,,0.0,0.0,From manual BOM: Take Up Winder.pdf,2026-03-09 18:49:04
HOLDER - NODDING ARM,Part,Take Up Winder,284537,,,0.0,0.0,From manual BOM: Take Up Winder.pdf,2026-03-09 18:49:04
POTENTIOMETER COVER,Part,Take Up Winder,284538,,,0.0,0.0,From manual BOM: Take Up Winder.pdf,2026-03-09 18:49:04
SPINDLE - GUIDE PULLEY,Part,Take Up Winder,284539,,,0.0,0.0,From manual BOM: Take Up Winder.pdf,2026-03-09 18:49:04
CLAMP PLATE,Part,Take Up Winder,284562,,,0.0,0.0,From manual BOM: Take Up Winder.pdf,2026-03-09 18:49:04
EXTRUSION 45X45X1250,Part,Take Up Winder,286061,,,0.0,0.0,From manual BOM: Take Up Winder.pdf,2026-03-09 18:49:04
BEARING SPLINDLE,Part,Take Up Winder,286085,,,0.0,0.0,From manual BOM: Take Up Winder.pdf,2026-03-09 18:49:04
BEARING RETAINING CAP,Part,Take Up Winder,286086,,,0.0,0.0,From manual BOM: Take Up Winder.pdf,2026-03-09 18:49:04
WEIGHT RECTANGULAR,Part,Take Up Winder,286087,,,0.0,0.0,From manual BOM: Take Up Winder.pdf,2026-03-09 18:49:04
SPINDLE 10MM,Part,Take Up Winder,286093,,,0.0,0.0,From manual BOM: Take Up Winder.pdf,2026-03-09 18:49:04
BEARING HOUSING (LH FEED) NODDING DANCER,Part,Take Up Winder,380962,,,0.0,0.0,From manual BOM: Take Up Winder.pdf,2026-03-09 18:49:04
StScr-M3x5 S/S,Part,Take Up Winder,A00026,,,0.0,0.0,From manual BOM: Take Up Winder.pdf,2026-03-09 18:49:04
Bearing 4x13x5,Part,Take Up Winder,B00050,,,0.0,0.0,From manual BOM: Take Up Winder.pdf,2026-03-09 18:49:04
Bearing 4x16x5,Part,Take Up Winder,B00052,,,0.0,0.0,From manual BOM: Take Up Winder.pdf,2026-03-09 18:49:04
C-CLIP 4 S/S,Part,Take Up Winder,H00073,,,0.0,0.0,From manual BOM: Take Up Winder.pdf,2026-03-09 18:49:04
VEE GROOVE PULLEY 150 DIA,Part,Take Up Winder,H04476,,,0.0,0.0,From manual BOM: Take Up Winder.pdf,2026-03-09 18:49:04
45X45 CORNER BRACKET,Part,Take Up Winder,H04478,,,0.0,0.0,From manual BOM: Take Up Winder.pdf,2026-03-09 18:49:04
45X45 ELBOW CAP,Part,Take Up Winder,H04479,,,0.0,0.0,From manual BOM: Take Up Winder.pdf,2026-03-09 18:49:04
10MM COVER PROFILE,Part,Take Up Winder,H04480,,,0.0,0.0,From manual BOM: Take Up Winder.pdf,2026-03-09 18:49:04
45X45 END CAP,Part,Take Up Winder,H04481,,,0.0,0.0,From manual BOM: Take Up Winder.pdf,2026-03-09 18:49:04
T-NUT M5 10MM,Part,Take Up Winder,H04482,,,0.0,0.0,From manual BOM: Take Up Winder.pdf,2026-03-09 18:49:04
M6 T-NUT 10MM,Part,Take Up Winder,H04483,,,0.0,0.0,From manual BOM: Take Up Winder.pdf,2026-03-09 18:49:04
HxNut M10 S/S,Part,Take Up Winder,H04534,,,0.0,0.0,From manual BOM: Take Up Winder.pdf,2026-03-09 18:49:04
BOX 85x56x39,Part,Take Up Winder,H05442,,,0.0,0.0,From manual BOM: Take Up Winder.pdf,2026-03-09 18:49:04
HxCpHd M6x16 S/S,Part,Take Up Winder,K00164,,,0.0,0.0,From manual BOM: Take Up Winder.pdf,2026-03-09 18:49:04
CskSlt M3x8 S/S,Part,Take Up Winder,K00190,,,0.0,0.0,From manual BOM: Take Up Winder.pdf,2026-03-09 18:49:04
HxCpHd M5x12 S/S,Part,Take Up Winder,K00409,,,0.0,0.0,From manual BOM: Take Up Winder.pdf,2026-03-09 18:49:04
StScr-M4x6 S/S,Part,Take Up Winder,K00558,,,0.0,0.0,From manual BOM: Take Up Winder.pdf,2026-03-09 18:49:04
HxCpHd M2x10 S/S,Part,Take Up Winder,K00581,,,0.0,0.0,From manual BOM: Take Up Winder.pdf,2026-03-09 18:49:04
HxCpHd M3x10 S/S,Part,Take Up Winder,K00635,,,0.0,0.0,From manual BOM: Take Up Winder.pdf,2026-03-09 18:49:04
HxNut M14 S/S,Part,Take Up Winder,K03064,,,0.0,0.0,From manual BOM: Take Up Winder.pdf,2026-03-09 18:49:04
IONISING BAR BRACKET,Part,Take Up Winder,380310,,,0.0,0.0,From manual BOM: Take Up Winder.pdf,2026-03-09 18:49:04
T-SLOT NUT 10mm M8,Part,Take Up Winder,H05162,,,0.0,0.0,From manual BOM: Take Up Winder.pdf,2026-03-09 18:49:04
GEARBOX MOUNTING BLOCK,Part,Take Up Winder,287948,,,0.0,0.0,From manual BOM: Take Up Winder.pdf,2026-03-09 18:49:04
WINDER WITH COVER,Part,Take Up Winder,380246A,,,0.0,0.0,From manual BOM: Take Up Winder.pdf,2026-03-09 18:49:04
MAIN WINDER BODY ASSY,Part,Take Up Winder,380254A,,,0.0,0.0,From manual BOM: Take Up Winder.pdf,2026-03-09 18:49:04
WINDER MOTOR DRAG CHAIN REST,Part,Take Up Winder,380276,,,0.0,0.0,From manual BOM: Take Up Winder.pdf,2026-03-09 18:49:04
WINDER REAR MOTOR COVER,Part,Take Up Winder,380277,,,0.0,0.0,From manual BOM: Take Up Winder.pdf,2026-03-09 18:49:04
ROCKWELL MOTOR,Part,Take Up Winder,D00513,,,0.0,0.0,From manual BOM: Take Up Winder.pdf,2026-03-09 18:49:04
GEARBOX 100:1 REDUCTION RATIO - KEYED SHAFT,Part,Take Up Winder,D00572,,,0.0,0.0,From manual BOM: Take Up Winder.pdf,2026-03-09 18:49:04
CLAMPING PINTLE1,Part,Take Up Winder,H04370,,,0.0,0.0,From manual BOM: Take Up Winder.pdf,2026-03-09 18:49:04
FIXED PINTLE1,Part,Take Up Winder,H04371,,,0.0,0.0,From manual BOM: Take Up Winder.pdf,2026-03-09 18:49:04
PROFILE MOUNT,Part,Take Up Winder,H04976,,,0.0,0.0,From manual BOM: Take Up Winder.pdf,2026-03-09 18:49:04
M6 SLOT NUT,Part,Take Up Winder,H04977,,,0.0,0.0,From manual BOM: Take Up Winder.pdf,2026-03-09 18:49:04
ELC COUPLING,Part,Take Up Winder,H04978,,,0.0,0.0,From manual BOM: Take Up Winder.pdf,2026-03-09 18:49:04
ENERGY CHAIN BRAKET SET,Part,Take Up Winder,H04980,,,0.0,0.0,From manual BOM: Take Up Winder.pdf,2026-03-09 18:49:04
PROXIMITY SWITCH LUG,Part,Take Up Winder,H05002,,,0.0,0.0,From manual BOM: Take Up Winder.pdf,2026-03-09 18:49:04
ENERGY CHAIN 30 X 15 X 360 LONG,Part,Take Up Winder,H05347,,,0.0,0.0,From manual BOM: Take Up Winder.pdf,2026-03-09 18:49:04
HxCpHd M5x10 S/S,Part,Take Up Winder,K00484,,,0.0,0.0,From manual BOM: Take Up Winder.pdf,2026-03-09 18:49:04
HxCpHd M3x12 S/S,Part,Take Up Winder,K00957,,,0.0,0.0,From manual BOM: Take Up Winder.pdf,2026-03-09 18:49:04
SPINDLE AXIS 350mm TRAVEL,Part,Take Up Winder,L00071,,,0.0,0.0,From manual BOM: Take Up Winder.pdf,2026-03-09 18:49:04
SPACER,Part,Take Up Winder,286239,,,0.0,0.0,From manual BOM: Take Up Winder.pdf,2026-03-09 18:49:04
EUROMASTER CATCH BLOCK,Part,Take Up Winder,289508,,,0.0,0.0,From manual BOM: Take Up Winder.pdf,2026-03-09 18:49:04
20x20x71 EXTRUSION,Part,Take Up Winder,380265,,,0.0,0.0,From manual BOM: Take Up Winder.pdf,2026-03-09 18:49:04
20x20x418 EXTRUSION,Part,Take Up Winder,380266,,,0.0,0.0,From manual BOM: Take Up Winder.pdf,2026-03-09 18:49:04
20x20x398 EXTRUSION,Part,Take Up Winder,380267,,,0.0,0.0,From manual BOM: Take Up Winder.pdf,2026-03-09 18:49:04
20x20x418 EXTRUSION WITH HOLES FOR HANDLE,Part,Take Up Winder,380268,,,0.0,0.0,From manual BOM: Take Up Winder.pdf,2026-03-09 18:49:04
20x20x487 EXTRUSION,Part,Take Up Winder,380269,,,0.0,0.0,From manual BOM: Take Up Winder.pdf,2026-03-09 18:49:04
20x20x520 EXTRUSION,Part,Take Up Winder,380270,,,0.0,0.0,From manual BOM: Take Up Winder.pdf,2026-03-09 18:49:04
20x20x500 EXTRUSION 2 GROOVE,Part,Take Up Winder,380271,,,0.0,0.0,From manual BOM: Take Up Winder.pdf,2026-03-09 18:49:04
20x20x487 EXTRUSION 3 GROOVE,Part,Take Up Winder,380272,,,0.0,0.0,From manual BOM: Take Up Winder.pdf,2026-03-09 18:49:04
TOP WINDOW PANEL 510x408,Part,Take Up Winder,380273,,,0.0,0.0,From manual BOM: Take Up Winder.pdf,2026-03-09 18:49:04
SIDE WINDOW PANEL 497x408,Part,Take Up Winder,380274,,,0.0,0.0,From manual BOM: Take Up Winder.pdf,2026-03-09 18:49:04
WINDER END WINDOW PANEL 510x497,Part,Take Up Winder,380275,,,0.0,0.0,From manual BOM: Take Up Winder.pdf,2026-03-09 18:49:04
CORE SCREW T25,Part,Take Up Winder,H04378,,,0.0,0.0,From manual BOM: Take Up Winder.pdf,2026-03-09 18:49:04
RUBBER BUMP STOP,Part,Take Up Winder,H04527,,,0.0,0.0,From manual BOM: Take Up Winder.pdf,2026-03-09 18:49:04
M4 TEE NUT 6mm GROOVE,Part,Take Up Winder,H04621,,,0.0,0.0,From manual BOM: Take Up Winder.pdf,2026-03-09 18:49:04
END CAP 20X20,Part,Take Up Winder,H04624,,,0.0,0.0,From manual BOM: Take Up Winder.pdf,2026-03-09 18:49:04
M5 TEE NUT 6mm GROOVE,Part,Take Up Winder,H04637,,,0.0,0.0,From manual BOM: Take Up Winder.pdf,2026-03-09 18:49:04
HANDLE,Part,Take Up Winder,H04726,,,0.0,0.0,From manual BOM: Take Up Winder.pdf,2026-03-09 18:49:04
CORNER JOINT,Part,Take Up Winder,H04727,,,0.0,0.0,From manual BOM: Take Up Winder.pdf,2026-03-09 18:49:04
CORNER COVER,Part,Take Up Winder,H04728,,,0.0,0.0,From manual BOM: Take Up Winder.pdf,2026-03-09 18:49:04
CORNER BRACKET,Part,Take Up Winder,H04729,,,0.0,0.0,From manual BOM: Take Up Winder.pdf,2026-03-09 18:49:04
CORNER COVER,Part,Take Up Winder,H04730,,,0.0,0.0,From manual BOM: Take Up Winder.pdf,2026-03-09 18:49:04
HINGE,Part,Take Up Winder,H04731,,,0.0,0.0,From manual BOM: Take Up Winder.pdf,2026-03-09 18:49:04
20x20 AL EX 90 DEG ANGLE BRACKET,Part,Take Up Winder,H05346,,,0.0,0.0,From manual BOM: Take Up Winder.pdf,2026-03-09 18:49:04
*Varies*,Part,Take Up Winder,K00061,,,0.0,0.0,From manual BOM: Take Up Winder.pdf,2026-03-09 18:49:04
M5x25 SKT CAP SCREW S/S,Part,Take Up Winder,K00282,,,0.0,0.0,From manual BOM: Take Up Winder.pdf,2026-03-09 18:49:04
M5x20 CSK SLOT S/S,Part,Take Up Winder,K00429,,,0.0,0.0,From manual BOM: Take Up Winder.pdf,2026-03-09 18:49:04
DRAG CHAIN BRACKET,Part,Take Up Winder,288890,,,0.0,0.0,From manual BOM: Take Up Winder.pdf,2026-03-09 18:49:04
SPACER TUBE,Part,Take Up Winder,288915,,,0.0,0.0,From manual BOM: Take Up Winder.pdf,2026-03-09 18:49:04
NYLON BLOCK,Part,Take Up Winder,288921,,,0.0,0.0,From manual BOM: Take Up Winder.pdf,2026-03-09 18:49:04
WINDER BASE PLATE,Part,Take Up Winder,380255,,,0.0,0.0,From manual BOM: Take Up Winder.pdf,2026-03-09 18:49:04
WINDER BACK PLATE,Part,Take Up Winder,380256,,,0.0,0.0,From manual BOM: Take Up Winder.pdf,2026-03-09 18:49:04
WINDER BODY BACK WEB,Part,Take Up Winder,380257,,,0.0,0.0,From manual BOM: Take Up Winder.pdf,2026-03-09 18:49:04
WINDER BODY FRONT WEB,Part,Take Up Winder,380258,,,0.0,0.0,From manual BOM: Take Up Winder.pdf,2026-03-09 18:49:04
WINDER BACK COVER,Part,Take Up Winder,380259,,,0.0,0.0,From manual BOM: Take Up Winder.pdf,2026-03-09 18:49:04
WINDER MOTOR COVER,Part,Take Up Winder,380260,,,0.0,0.0,From manual BOM: Take Up Winder.pdf,2026-03-09 18:49:04
WINDER GUARD ASSY,Part,Take Up Winder,380261A,,,0.0,0.0,From manual BOM: Take Up Winder.pdf,2026-03-09 18:49:04
MOTOR MOUNTING PLATE,Part,Take Up Winder,380262,,,0.0,0.0,From manual BOM: Take Up Winder.pdf,2026-03-09 18:49:04
CLUTCH MOUNT PLATE,Part,Take Up Winder,380263,,,0.0,0.0,From manual BOM: Take Up Winder.pdf,2026-03-09 18:49:04
BEARING HOUSING 20mm BEARING ID,Part,Take Up Winder,B01236,,,0.0,0.0,From manual BOM: Take Up Winder.pdf,2026-03-09 18:49:04
20mm SHAFT 570L,Part,Take Up Winder,B01237,,,0.0,0.0,From manual BOM: Take Up Winder.pdf,2026-03-09 18:49:04
ELECTRONIC CLUTCH,Part,Take Up Winder,D00525,,,0.0,0.0,From manual BOM: Take Up Winder.pdf,2026-03-09 18:49:04
MOTOR MPL-A1530U-EJ72AA,Part,Take Up Winder,D00586,,,0.0,0.0,From manual BOM: Take Up Winder.pdf,2026-03-09 18:49:04
GEARBOX 7:1 REDUCTION RATIO - KEYED SHAFT,Part,Take Up Winder,D00603,,,0.0,0.0,From manual BOM: Take Up Winder.pdf,2026-03-09 18:49:04
WINDER CLUTCH PULLEY,Part,Take Up Winder,G00530,,,0.0,0.0,From manual BOM: Take Up Winder.pdf,2026-03-09 18:49:04
TIMING BELT - 890mm L,Part,Take Up Winder,G00557,,,0.0,0.0,From manual BOM: Take Up Winder.pdf,2026-03-09 18:49:04
PULLEY 42 TEETH 28mm BORE,Part,Take Up Winder,G00558,,,0.0,0.0,From manual BOM: Take Up Winder.pdf,2026-03-09 18:49:04
LOCKING BUSH 20mm X 28mm,Part,Take Up Winder,H05210,,,0.0,0.0,From manual BOM: Take Up Winder.pdf,2026-03-09 18:49:04
SHAFT COLLAR 20mm ID,Part,Take Up Winder,H05344,,,0.0,0.0,From manual BOM: Take Up Winder.pdf,2026-03-09 18:49:04
SHAFT BEARING SPACER,Part,Take Up Winder,H05345,,,0.0,0.0,From manual BOM: Take Up Winder.pdf,2026-03-09 18:49:04
HxCpHd M5x95 S/S,Part,Take Up Winder,K03044,,,0.0,0.0,From manual BOM: Take Up Winder.pdf,2026-03-09 18:49:04
STAND COVER,Part,Take Up Winder,380247,,,0.0,0.0,From manual BOM: Take Up Winder.pdf,2026-03-09 18:49:04
STAND CROSS BEAM,Part,Take Up Winder,380248,,,0.0,0.0,From manual BOM: Take Up Winder.pdf,2026-03-09 18:49:04
STAND LEG,Part,Take Up Winder,380249,,,0.0,0.0,From manual BOM: Take Up Winder.pdf,2026-03-09 18:49:04
STAND CROSS SUPPORT SHORT,Part,Take Up Winder,380250,,,0.0,0.0,From manual BOM: Take Up Winder.pdf,2026-03-09 18:49:04
STAND CROSS SUPPORT LONG,Part,Take Up Winder,380251,,,0.0,0.0,From manual BOM: Take Up Winder.pdf,2026-03-09 18:49:04
STAND CROSS SUPPORT LONG TOP,Part,Take Up Winder,380253,,,0.0,0.0,From manual BOM: Take Up Winder.pdf,2026-03-09 18:49:04
S12x30 CORE SCREW,Part,Take Up Winder,H05055,,,0.0,0.0,From manual BOM: Take Up Winder.pdf,2026-03-09 18:49:04
40x40 CORNER BRACKET & FIXINGS,Part,Take Up Winder,H05340,,,0.0,0.0,From manual BOM: Take Up Winder.pdf,2026-03-09 18:49:04
40x40 CORNER BRACKET CAP SQUARE,Part,Take Up Winder,H05341,,,0.0,0.0,From manual BOM: Take Up Winder.pdf,2026-03-09 18:49:04
M12 ADJUSTABLE FOOT,Part,Take Up Winder,H05342,,,0.0,0.0,From manual BOM: Take Up Winder.pdf,2026-03-09 18:49:04
T NUT 10mm SLOT M5,Part,Take Up Winder,H05343,,,0.0,0.0,From manual BOM: Take Up Winder.pdf,2026-03-09 18:49:04
PnHd M5 x 16 S/S,Part,Take Up Winder,K00258,,,0.0,0.0,From manual BOM: Take Up Winder.pdf,2026-03-09 18:49:04
"6mm PLAIN WASHER - LGE, S/S",Part,Take Up Winder,K02923,,,0.0,0.0,From manual BOM: Take Up Winder.pdf,2026-03-09 18:49:04
ROLLER MOUNTING ASSEMBLY,Part,Take Up Winder,287576A,,,0.0,0.0,From manual BOM: Take Up Winder.pdf,2026-03-09 18:49:04
ADJUSTABLE PULLEY GUIDE STAND,Part,Take Up Winder,380172A,,,0.0,0.0,From manual BOM: Take Up Winder.pdf,2026-03-09 18:49:04
WINDER WITH COVER,Part,Take Up Winder,380264A,,,0.0,0.0,From manual BOM: Take Up Winder.pdf,2026-03-09 18:49:04
IONISING BAR BRACKET ASSY,Part,Take Up Winder,380309A,,,0.0,0.0,From manual BOM: Take Up Winder.pdf,2026-03-09 18:49:04
DANCER ASSEMBLY,Part,Take Up Winder,380963A,,,0.0,0.0,From manual BOM: Take Up Winder.pdf,2026-03-09 18:49:04
EXTRUSION 45X45X1100,Part,Take Up Winder,286060,,,0.0,0.0,From manual BOM: Take Up Winder.pdf,2026-03-09 18:49:04
ADJUSTABLE PULLEY MOUNTING BLOCK,Part,Take Up Winder,380173,,,0.0,0.0,From manual BOM: Take Up Winder.pdf,2026-03-09 18:49:04
SPACER COLLAR,Part,Take Up Winder,282894,,,0.0,0.0,From manual BOM: Take Up Winder.pdf,2026-03-09 18:49:04
75mm LONG ROLLER ASSEMBLY,Part,Take Up Winder,287573A,,,0.0,0.0,From manual BOM: Take Up Winder.pdf,2026-03-09 18:49:04
ROLLER GUIDE MOUNT PLATE,Part,Take Up Winder,287577,,,0.0,0.0,From manual BOM: Take Up Winder.pdf,2026-03-09 18:49:04
SLEEVE PIN,Part,Take Up Winder,287578,,,0.0,0.0,From manual BOM: Take Up Winder.pdf,2026-03-09 18:49:04
ROLLER JOINING BLOCK,Part,Take Up Winder,287579,,,0.0,0.0,From manual BOM: Take Up Winder.pdf,2026-03-09 18:49:04
ROLLER PIVOT STRIP,Part,Take Up Winder,287580,,,0.0,0.0,From manual BOM: Take Up Winder.pdf,2026-03-09 18:49:04
ROLLER MOUNT BLOCK,Part,Take Up Winder,287582,,,0.0,0.0,From manual BOM: Take Up Winder.pdf,2026-03-09 18:49:04
DomeNut M4 S/S,Part,Take Up Winder,H02085,,,0.0,0.0,From manual BOM: Take Up Winder.pdf,2026-03-09 18:49:04
Washer 4mm Std S/S,Part,Take Up Winder,K00087,,,0.0,0.0,From manual BOM: Take Up Winder.pdf,2026-03-09 18:49:04
HxCpHd M4x25 S/S,Part,Take Up Winder,K00283,,,0.0,0.0,From manual BOM: Take Up Winder.pdf,2026-03-09 18:49:04
FAN 23 m3/min 5500 Pa 3.3kW 400V 3PH 50Hz,Part,UV Curing System,D00613,,,0.0,0.0,From manual BOM: Ultra Violet Curing System.pdf,2026-03-09 18:49:04
FAN 28 m3/min 1000 Pa 0.5kW 400V 3PH 50Hz,Part,UV Curing System,D00614,,,0.0,0.0,From manual BOM: Ultra Violet Curing System.pdf,2026-03-09 18:49:04
UV LAMP MTG & FUME EXTRACT,Part,UV Curing System,380113A,,,0.0,0.0,From manual BOM: Ultra Violet Curing System.pdf,2026-03-09 18:49:04
U.V. LAMP COOLING FAN ASSY,Part,UV Curing System,380836A,,,0.0,0.0,From manual BOM: Ultra Violet Curing System.pdf,2026-03-09 18:49:04
UV FUME EXTRACT ASSEMBLY,Part,UV Curing System,189081A,,,0.0,0.0,From manual BOM: Ultra Violet Curing System.pdf,2026-03-09 18:49:04
QUARTZ LINER TUBE,Part,UV Curing System,282003,,,0.0,0.0,From manual BOM: Ultra Violet Curing System.pdf,2026-03-09 18:49:04
LOWER SHUTTER ASSY,Part,UV Curing System,284023A,,,0.0,0.0,From manual BOM: Ultra Violet Curing System.pdf,2026-03-09 18:49:04
EXTRUSION 50x50 x5470mm,Part,UV Curing System,285462,,,0.0,0.0,From manual BOM: Ultra Violet Curing System.pdf,2026-03-09 18:49:04
RF DETECTOR BRACKET,Part,UV Curing System,287443,,,0.0,0.0,From manual BOM: Ultra Violet Curing System.pdf,2026-03-09 18:49:04
SINGLE UV LAMP MOUNT ASSY RH,Part,UV Curing System,288569A,,,0.0,0.0,From manual BOM: Ultra Violet Curing System.pdf,2026-03-09 18:49:04
SINGLE UV LAMP SUB PLATE ASSY,Part,UV Curing System,288604A,,,0.0,0.0,From manual BOM: Ultra Violet Curing System.pdf,2026-03-09 18:49:04
UV HEAT & FUME EXTRACT ASSY,Part,UV Curing System,288611A,,,0.0,0.0,From manual BOM: Ultra Violet Curing System.pdf,2026-03-09 18:49:04
AIR BLEED ASSEMBLY,Part,UV Curing System,288612A,,,0.0,0.0,From manual BOM: Ultra Violet Curing System.pdf,2026-03-09 18:49:04
VAM INTAKE,Part,UV Curing System,H04404,,,0.0,0.0,From manual BOM: Ultra Violet Curing System.pdf,2026-03-09 18:49:04
QUICK CONN 10-10 GROOVE,Part,UV Curing System,H04620,,,0.0,0.0,From manual BOM: Ultra Violet Curing System.pdf,2026-03-09 18:49:04
INNER TUBE,Part,UV Curing System,283718,,,0.0,0.0,From manual BOM: Ultra Violet Curing System.pdf,2026-03-09 18:49:04
OUTER TUBE - AIR BLEED,Part,UV Curing System,283719,,,0.0,0.0,From manual BOM: Ultra Violet Curing System.pdf,2026-03-09 18:49:04
MOUNTING FIXTURE AIR BLEED,Part,UV Curing System,283720,,,0.0,0.0,From manual BOM: Ultra Violet Curing System.pdf,2026-03-09 18:49:04
JUBILEE CLIP,Part,UV Curing System,H01706,,,0.0,0.0,From manual BOM: Ultra Violet Curing System.pdf,2026-03-09 18:49:04
HxCpHd M5x40 S/S,Part,UV Curing System,K00438,,,0.0,0.0,From manual BOM: Ultra Violet Curing System.pdf,2026-03-09 18:49:04
DUCTING 38mm ID,Part,UV Curing System,P02378,,,0.0,0.0,From manual BOM: Ultra Violet Curing System.pdf,2026-03-09 18:49:04
MOUNTING PLATE - SINGLE UV LAMP,Part,UV Curing System,381494,,,0.0,0.0,From manual BOM: Ultra Violet Curing System.pdf,2026-03-09 18:49:04
M8x25 SKT CAP SCREW S/S,Part,UV Curing System,K00882,,,0.0,0.0,From manual BOM: Ultra Violet Curing System.pdf,2026-03-09 18:49:04
MOUNTING BRACKET,Part,Wet-on-Dry Coating System,284978,,,0.0,0.0,From manual BOM: Wet on Dry Coating System Manual_Soreq_FINAL.pdf,2026-03-09 18:49:04
SUPPORT PLATE,Part,Wet-on-Dry Coating System,284856,,,0.0,0.0,From manual BOM: Wet on Dry Coating System Manual_Soreq_FINAL.pdf,2026-03-09 18:49:04
ADJUSTING PLATE,Part,Wet-on-Dry Coating System,284857,,,0.0,0.0,From manual BOM: Wet on Dry Coating System Manual_Soreq_FINAL.pdf,2026-03-09 18:49:04
RESIN DELIVERY BLOCK,Part,Wet-on-Dry Coating System,284870,,,0.0,0.0,From manual BOM: Wet on Dry Coating System Manual_Soreq_FINAL.pdf,2026-03-09 18:49:04
VALVE BRACKET,Part,Wet-on-Dry Coating System,284871,,,0.0,0.0,From manual BOM: Wet on Dry Coating System Manual_Soreq_FINAL.pdf,2026-03-09 18:49:04
SLIDE ASSEMBLY,Part,Wet-on-Dry Coating System,289815A,,,0.0,0.0,From manual BOM: Wet on Dry Coating System Manual_Soreq_FINAL.pdf,2026-03-09 18:49:04
SLIDE GAUGE BRACKET SMALL,Part,Wet-on-Dry Coating System,380300,,,0.0,0.0,From manual BOM: Wet on Dry Coating System Manual_Soreq_FINAL.pdf,2026-03-09 18:49:04
SLIDE GAUGE BRACKET LARGE,Part,Wet-on-Dry Coating System,380301,,,0.0,0.0,From manual BOM: Wet on Dry Coating System Manual_Soreq_FINAL.pdf,2026-03-09 18:49:04
FILTER FW SERIES,Part,Wet-on-Dry Coating System,F00149,,,0.0,0.0,From manual BOM: Wet on Dry Coating System Manual_Soreq_FINAL.pdf,2026-03-09 18:49:04
DISC SPRING SS,Part,Wet-on-Dry Coating System,H04426,,,0.0,0.0,From manual BOM: Wet on Dry Coating System Manual_Soreq_FINAL.pdf,2026-03-09 18:49:04
METAL COLLAR SS,Part,Wet-on-Dry Coating System,H04513,,,0.0,0.0,From manual BOM: Wet on Dry Coating System Manual_Soreq_FINAL.pdf,2026-03-09 18:49:04
SWIVEL SCREW,Part,Wet-on-Dry Coating System,H04515,,,0.0,0.0,From manual BOM: Wet on Dry Coating System Manual_Soreq_FINAL.pdf,2026-03-09 18:49:04
T NUT M5 8 SLOT,Part,Wet-on-Dry Coating System,H04609,,,0.0,0.0,From manual BOM: Wet on Dry Coating System Manual_Soreq_FINAL.pdf,2026-03-09 18:49:04
LOCATING PIN,Part,Wet-on-Dry Coating System,H04947,,,0.0,0.0,From manual BOM: Wet on Dry Coating System Manual_Soreq_FINAL.pdf,2026-03-09 18:49:04
COVER BOLT,Part,Wet-on-Dry Coating System,H04948,,,0.0,0.0,From manual BOM: Wet on Dry Coating System Manual_Soreq_FINAL.pdf,2026-03-09 18:49:04
LINEAR GAUGE,Part,Wet-on-Dry Coating System,H05349,,,0.0,0.0,From manual BOM: Wet on Dry Coating System Manual_Soreq_FINAL.pdf,2026-03-09 18:49:04
HxCpHd M5x16 S/S,Part,Wet-on-Dry Coating System,K00053,,,0.0,0.0,From manual BOM: Wet on Dry Coating System Manual_Soreq_FINAL.pdf,2026-03-09 18:49:04
CskSlt M4x25 S/S,Part,Wet-on-Dry Coating System,K03193,,,0.0,0.0,From manual BOM: Wet on Dry Coating System Manual_Soreq_FINAL.pdf,2026-03-09 18:49:04
"1/4"" VCR GASKET",Part,Wet-on-Dry Coating System,P00627,,,0.0,0.0,From manual BOM: Wet on Dry Coating System Manual_Soreq_FINAL.pdf,2026-03-09 18:49:04
"ELBOW UNION 1/4"" S/S",Part,Wet-on-Dry Coating System,P02309,,,0.0,0.0,From manual BOM: Wet on Dry Coating System Manual_Soreq_FINAL.pdf,2026-03-09 18:49:04
REDUCING CONNECTOR,Part,Wet-on-Dry Coating System,P03304,,,0.0,0.0,From manual BOM: Wet on Dry Coating System Manual_Soreq_FINAL.pdf,2026-03-09 18:49:04
"1/4"" TO 1/4"" COMPRESSION",Part,Wet-on-Dry Coating System,P03763,,,0.0,0.0,From manual BOM: Wet on Dry Coating System Manual_Soreq_FINAL.pdf,2026-03-09 18:49:04
"PUSH FIT ELBOW 1/8"" 6MM",Part,Wet-on-Dry Coating System,P03804,,,0.0,0.0,From manual BOM: Wet on Dry Coating System Manual_Soreq_FINAL.pdf,2026-03-09 18:49:04
O-RING 6.1 ID,Part,Wet-on-Dry Coating System,S00518,,,0.0,0.0,From manual BOM: Wet on Dry Coating System Manual_Soreq_FINAL.pdf,2026-03-09 18:49:04
"1/4"" DIAPHRAM VALVE N/C",Part,Wet-on-Dry Coating System,V01560,,,0.0,0.0,From manual BOM: Wet on Dry Coating System Manual_Soreq_FINAL.pdf,2026-03-09 18:49:04
AL. EXT 30X30X600,Part,Wet-on-Dry Coating System,286607,,,0.0,0.0,From manual BOM: Wet on Dry Coating System Manual_Soreq_FINAL.pdf,2026-03-09 18:49:04
60x30x290 LONG AL EX,Part,Wet-on-Dry Coating System,286606,,,0.0,0.0,From manual BOM: Wet on Dry Coating System Manual_Soreq_FINAL.pdf,2026-03-09 18:49:04
ALUMINIUM EXTRUSION - 30X30X100MM,Part,Wet-on-Dry Coating System,285798,,,0.0,0.0,From manual BOM: Wet on Dry Coating System Manual_Soreq_FINAL.pdf,2026-03-09 18:49:04
Washer 6mm S/S,Part,Wet-on-Dry Coating System,K00313,,,0.0,0.0,From manual BOM: Wet on Dry Coating System Manual_Soreq_FINAL.pdf,2026-03-09 18:49:04
M6x35 SKT CAP SCREW S/S,Part,Wet-on-Dry Coating System,K00279,,,0.0,0.0,From manual BOM: Wet on Dry Coating System Manual_Soreq_FINAL.pdf,2026-03-09 18:49:04
M6 TEE NUT - 8 GRV,Part,Wet-on-Dry Coating System,H04610,,,0.0,0.0,From manual BOM: Wet on Dry Coating System Manual_Soreq_FINAL.pdf,2026-03-09 18:49:04
Washer 8mm S/S,Part,Wet-on-Dry Coating System,K00776,,,0.0,0.0,From manual BOM: Wet on Dry Coating System Manual_Soreq_FINAL.pdf,2026-03-09 18:49:04
M8x16 SKT CAP SCREW S/S,Part,Wet-on-Dry Coating System,K00405,,,0.0,0.0,From manual BOM: Wet on Dry Coating System Manual_Soreq_FINAL.pdf,2026-03-09 18:49:04
M6x20 CSK SLOT S/S,Part,Wet-on-Dry Coating System,K00682,,,0.0,0.0,From manual BOM: Wet on Dry Coating System Manual_Soreq_FINAL.pdf,2026-03-09 18:49:04
BASE PLATE,Part,Wet-on-Dry Coating System,380171,,,0.0,0.0,From manual BOM: Wet on Dry Coating System Manual_Soreq_FINAL.pdf,2026-03-09 18:49:04
BASE - MSCOPE PILLAR,Part,Wet-on-Dry Coating System,283799,,,0.0,0.0,From manual BOM: Wet on Dry Coating System Manual_Soreq_FINAL.pdf,2026-03-09 18:49:04
PIVOT/STOP PLATE,Part,Wet-on-Dry Coating System,283806,,,0.0,0.0,From manual BOM: Wet on Dry Coating System Manual_Soreq_FINAL.pdf,2026-03-09 18:49:04
LONG MICROSCOPE TUBE,Part,Wet-on-Dry Coating System,380142,,,0.0,0.0,From manual BOM: Wet on Dry Coating System Manual_Soreq_FINAL.pdf,2026-03-09 18:49:04
SHORT MICROSCOPE TUBE,Part,Wet-on-Dry Coating System,380143,,,0.0,0.0,From manual BOM: Wet on Dry Coating System Manual_Soreq_FINAL.pdf,2026-03-09 18:49:04
MICROSCOPE BOSS,Part,Wet-on-Dry Coating System,380145,,,0.0,0.0,From manual BOM: Wet on Dry Coating System Manual_Soreq_FINAL.pdf,2026-03-09 18:49:04
MICROSCOPE CLAMP (LARGE),Part,Wet-on-Dry Coating System,H05322,,,0.0,0.0,From manual BOM: Wet on Dry Coating System Manual_Soreq_FINAL.pdf,2026-03-09 18:49:04
MICROSCOPE CLAMP (SMALL),Part,Wet-on-Dry Coating System,H05323,,,0.0,0.0,From manual BOM: Wet on Dry Coating System Manual_Soreq_FINAL.pdf,2026-03-09 18:49:04
MICROSCOPE X20,Part,Wet-on-Dry Coating System,N00035,,,0.0,0.0,From manual BOM: Wet on Dry Coating System Manual_Soreq_FINAL.pdf,2026-03-09 18:49:04
DIRECT MOUNT HOLDER,Part,Wet-on-Dry Coating System,N00043,,,0.0,0.0,From manual BOM: Wet on Dry Coating System Manual_Soreq_FINAL.pdf,2026-03-09 18:49:04
RESIN VESSEL ASSY,Part,Wet-on-Dry Coating System,284466A,,,0.0,0.0,From manual BOM: Wet on Dry Coating System Manual_Soreq_FINAL.pdf,2026-03-09 18:49:04
WoD CATING CART,Part,Wet-on-Dry Coating System,284876A,,,0.0,0.0,From manual BOM: Wet on Dry Coating System Manual_Soreq_FINAL.pdf,2026-03-09 18:49:04
RESIN BOWL ASSEMBLY,Part,Wet-on-Dry Coating System,286599A,,,0.0,0.0,From manual BOM: Wet on Dry Coating System Manual_Soreq_FINAL.pdf,2026-03-09 18:49:04
RESIN CONTROL BOX ASSY,Part,Wet-on-Dry Coating System,289112A,,,0.0,0.0,From manual BOM: Wet on Dry Coating System Manual_Soreq_FINAL.pdf,2026-03-09 18:49:04
CONCENTRICITY MONITOR ASSEMBLY,Part,Wet-on-Dry Coating System,380114A,,,0.0,0.0,From manual BOM: Wet on Dry Coating System Manual_Soreq_FINAL.pdf,2026-03-09 18:49:04
COATING PRESS CTRL BOX,Part,Wet-on-Dry Coating System,380134A,,,0.0,0.0,From manual BOM: Wet on Dry Coating System Manual_Soreq_FINAL.pdf,2026-03-09 18:49:04
MICROSCOPE ASSEMBLY,Part,Wet-on-Dry Coating System,380144A,,,0.0,0.0,From manual BOM: Wet on Dry Coating System Manual_Soreq_FINAL.pdf,2026-03-09 18:49:04
MOUNTING BRACKET ASSY RESIN DELIVERY,Part,Wet-on-Dry Coating System,380169A,,,0.0,0.0,From manual BOM: Wet on Dry Coating System Manual_Soreq_FINAL.pdf,2026-03-09 18:49:04
RESIN DELIVERY ASSY,Part,Wet-on-Dry Coating System,380299A,,,0.0,0.0,From manual BOM: Wet on Dry Coating System Manual_Soreq_FINAL.pdf,2026-03-09 18:49:04
RESIN BOWL RELEASE BOX,Part,Wet-on-Dry Coating System,380302A,,,0.0,0.0,From manual BOM: Wet on Dry Coating System Manual_Soreq_FINAL.pdf,2026-03-09 18:49:04
WATER BATH ASSY,Part,Wet-on-Dry Coating System,380305A,,,0.0,0.0,From manual BOM: Wet on Dry Coating System Manual_Soreq_FINAL.pdf,2026-03-09 18:49:04
CLAMP DISC,Part,Wet-on-Dry Coating System,186495,,,0.0,0.0,From manual BOM: Wet on Dry Coating System Manual_Soreq_FINAL.pdf,2026-03-09 18:49:04
PILLAR,Part,Wet-on-Dry Coating System,188120,,,0.0,0.0,From manual BOM: Wet on Dry Coating System Manual_Soreq_FINAL.pdf,2026-03-09 18:49:04
SCREEN,Part,Wet-on-Dry Coating System,188129,,,0.0,0.0,From manual BOM: Wet on Dry Coating System Manual_Soreq_FINAL.pdf,2026-03-09 18:49:04
PIVOT,Part,Wet-on-Dry Coating System,189184,,,0.0,0.0,From manual BOM: Wet on Dry Coating System Manual_Soreq_FINAL.pdf,2026-03-09 18:49:04
SPRING CLIP - WINDOW,Part,Wet-on-Dry Coating System,283867,,,0.0,0.0,From manual BOM: Wet on Dry Coating System Manual_Soreq_FINAL.pdf,2026-03-09 18:49:04
MTG PLATE - SG LOGO,Part,Wet-on-Dry Coating System,285114,,,0.0,0.0,From manual BOM: Wet on Dry Coating System Manual_Soreq_FINAL.pdf,2026-03-09 18:49:04
SUPPORT BRACKET ASSY,Part,Wet-on-Dry Coating System,285397A,,,0.0,0.0,From manual BOM: Wet on Dry Coating System Manual_Soreq_FINAL.pdf,2026-03-09 18:49:04
POWER SUPPLY FIXING BRACKET,Part,Wet-on-Dry Coating System,288620,,,0.0,0.0,From manual BOM: Wet on Dry Coating System Manual_Soreq_FINAL.pdf,2026-03-09 18:49:04
COVER,Part,Wet-on-Dry Coating System,289450,,,0.0,0.0,From manual BOM: Wet on Dry Coating System Manual_Soreq_FINAL.pdf,2026-03-09 18:49:04
BACK PANEL,Part,Wet-on-Dry Coating System,289451,,,0.0,0.0,From manual BOM: Wet on Dry Coating System Manual_Soreq_FINAL.pdf,2026-03-09 18:49:04
CONC. MONITOR BASE PLATE,Part,Wet-on-Dry Coating System,289452,,,0.0,0.0,From manual BOM: Wet on Dry Coating System Manual_Soreq_FINAL.pdf,2026-03-09 18:49:04
CONC. MONITOR KEY BRKT,Part,Wet-on-Dry Coating System,289453,,,0.0,0.0,From manual BOM: Wet on Dry Coating System Manual_Soreq_FINAL.pdf,2026-03-09 18:49:04
LASER MOUNT - LOW,Part,Wet-on-Dry Coating System,289509,,,0.0,0.0,From manual BOM: Wet on Dry Coating System Manual_Soreq_FINAL.pdf,2026-03-09 18:49:04
LASER MOUNT - HIGH,Part,Wet-on-Dry Coating System,289510,,,0.0,0.0,From manual BOM: Wet on Dry Coating System Manual_Soreq_FINAL.pdf,2026-03-09 18:49:04
PRECISION SLIT,Part,Wet-on-Dry Coating System,289521,,,0.0,0.0,From manual BOM: Wet on Dry Coating System Manual_Soreq_FINAL.pdf,2026-03-09 18:49:04
SCREEN RETAINER (TOP),Part,Wet-on-Dry Coating System,289823,,,0.0,0.0,From manual BOM: Wet on Dry Coating System Manual_Soreq_FINAL.pdf,2026-03-09 18:49:04
DISC SPRING,Part,Wet-on-Dry Coating System,H00260,,,0.0,0.0,From manual BOM: Wet on Dry Coating System Manual_Soreq_FINAL.pdf,2026-03-09 18:49:04
CONCAVE CYLN LENS,Part,Wet-on-Dry Coating System,H05251,,,0.0,0.0,From manual BOM: Wet on Dry Coating System Manual_Soreq_FINAL.pdf,2026-03-09 18:49:04
Washer 3mm Std S/S,Part,Wet-on-Dry Coating System,K00033,,,0.0,0.0,From manual BOM: Wet on Dry Coating System Manual_Soreq_FINAL.pdf,2026-03-09 18:49:04
HxNut M3 S/S,Part,Wet-on-Dry Coating System,K00034,,,0.0,0.0,From manual BOM: Wet on Dry Coating System Manual_Soreq_FINAL.pdf,2026-03-09 18:49:04
HxCsk M4 x 12 S/S,Part,Wet-on-Dry Coating System,K00326,,,0.0,0.0,From manual BOM: Wet on Dry Coating System Manual_Soreq_FINAL.pdf,2026-03-09 18:49:04
PnHd M4 x 12 S/S,Part,Wet-on-Dry Coating System,K00422,,,0.0,0.0,From manual BOM: Wet on Dry Coating System Manual_Soreq_FINAL.pdf,2026-03-09 18:49:04
HxCpHd M2x4 S/S,Part,Wet-on-Dry Coating System,K03166,,,0.0,0.0,From manual BOM: Wet on Dry Coating System Manual_Soreq_FINAL.pdf,2026-03-09 18:49:04
Washer 2mm Std Nylon 6,Part,Wet-on-Dry Coating System,K03167,,,0.0,0.0,From manual BOM: Wet on Dry Coating System Manual_Soreq_FINAL.pdf,2026-03-09 18:49:04
Washer 2mm Std S/S,Part,Wet-on-Dry Coating System,K03192,,,0.0,0.0,From manual BOM: Wet on Dry Coating System Manual_Soreq_FINAL.pdf,2026-03-09 18:49:04
RED FLEXPOINT DOT LASER,Part,Wet-on-Dry Coating System,N00049,,,0.0,0.0,From manual BOM: Wet on Dry Coating System Manual_Soreq_FINAL.pdf,2026-03-09 18:49:04
FILTER CLAMP,Part,Wet-on-Dry Coating System,188557,,,0.0,0.0,From manual BOM: Wet on Dry Coating System Manual_Soreq_FINAL.pdf,2026-03-09 18:49:04
EXTRACTOR CONNECTOR,Part,Wet-on-Dry Coating System,280966,,,0.0,0.0,From manual BOM: Wet on Dry Coating System Manual_Soreq_FINAL.pdf,2026-03-09 18:49:04
VALVE SPACER,Part,Wet-on-Dry Coating System,285006,,,0.0,0.0,From manual BOM: Wet on Dry Coating System Manual_Soreq_FINAL.pdf,2026-03-09 18:49:04
GAS CONTROL PANEL,Part,Wet-on-Dry Coating System,289110,,,0.0,0.0,From manual BOM: Wet on Dry Coating System Manual_Soreq_FINAL.pdf,2026-03-09 18:49:04
"19"" X 18U X CONTROL BOX",Part,Wet-on-Dry Coating System,289111,,,0.0,0.0,From manual BOM: Wet on Dry Coating System Manual_Soreq_FINAL.pdf,2026-03-09 18:49:04
QBT-01 MOUNT BRKT,Part,Wet-on-Dry Coating System,H04494,,,0.0,0.0,From manual BOM: Wet on Dry Coating System Manual_Soreq_FINAL.pdf,2026-03-09 18:49:04
M3 PLAIN NUT - FULL S/S,Part,Wet-on-Dry Coating System,K00034,,,0.0,0.0,From manual BOM: Wet on Dry Coating System Manual_Soreq_FINAL.pdf,2026-03-09 18:49:04
HxNut M4 S/S,Part,Wet-on-Dry Coating System,K00058,,,0.0,0.0,From manual BOM: Wet on Dry Coating System Manual_Soreq_FINAL.pdf,2026-03-09 18:49:04
M5 PLAIN NUT - FULL S/S,Part,Wet-on-Dry Coating System,K00060,,,0.0,0.0,From manual BOM: Wet on Dry Coating System Manual_Soreq_FINAL.pdf,2026-03-09 18:49:04
PnHd M4 x 10 S/S,Part,Wet-on-Dry Coating System,K00263,,,0.0,0.0,From manual BOM: Wet on Dry Coating System Manual_Soreq_FINAL.pdf,2026-03-09 18:49:04
HxCpHd M3x35 S/S,Part,Wet-on-Dry Coating System,K00391,,,0.0,0.0,From manual BOM: Wet on Dry Coating System Manual_Soreq_FINAL.pdf,2026-03-09 18:49:04
PnHd M6 x 16 S/S,Part,Wet-on-Dry Coating System,K00723,,,0.0,0.0,From manual BOM: Wet on Dry Coating System Manual_Soreq_FINAL.pdf,2026-03-09 18:49:04
6MM FERRULE SET,Part,Wet-on-Dry Coating System,P02213,,,0.0,0.0,From manual BOM: Wet on Dry Coating System Manual_Soreq_FINAL.pdf,2026-03-09 18:49:04
"CONNECTOR MALE 1/4"" x 1/4"" NPT",Part,Wet-on-Dry Coating System,P02302,,,0.0,0.0,From manual BOM: Wet on Dry Coating System Manual_Soreq_FINAL.pdf,2026-03-09 18:49:04
"CONNECTOR 1/4"" FEMALE",Part,Wet-on-Dry Coating System,P02307,,,0.0,0.0,From manual BOM: Wet on Dry Coating System Manual_Soreq_FINAL.pdf,2026-03-09 18:49:04
FILTER FW SERIES 2 MICRON,Part,Wet-on-Dry Coating System,P02393,,,0.0,0.0,From manual BOM: Wet on Dry Coating System Manual_Soreq_FINAL.pdf,2026-03-09 18:49:04
3 WAY BALL VALVE,Part,Wet-on-Dry Coating System,P03711,,,0.0,0.0,From manual BOM: Wet on Dry Coating System Manual_Soreq_FINAL.pdf,2026-03-09 18:49:04
QSMT(2)-T connector,Part,Wet-on-Dry Coating System,P03732,,,0.0,0.0,From manual BOM: Wet on Dry Coating System Manual_Soreq_FINAL.pdf,2026-03-09 18:49:04
"MALE TUBE ADAPTOR 1/4""",Part,Wet-on-Dry Coating System,P03757,,,0.0,0.0,From manual BOM: Wet on Dry Coating System Manual_Soreq_FINAL.pdf,2026-03-09 18:49:04
PUSH-IN CROSS 6MM,Part,Wet-on-Dry Coating System,P03765,,,0.0,0.0,From manual BOM: Wet on Dry Coating System Manual_Soreq_FINAL.pdf,2026-03-09 18:49:04
"1/4"" 6MM UNION PUSH FIT",Part,Wet-on-Dry Coating System,P03841,,,0.0,0.0,From manual BOM: Wet on Dry Coating System Manual_Soreq_FINAL.pdf,2026-03-09 18:49:04
6MM PUSH IN 'Y' CONN,Part,Wet-on-Dry Coating System,P04085,,,0.0,0.0,From manual BOM: Wet on Dry Coating System Manual_Soreq_FINAL.pdf,2026-03-09 18:49:04
SHUT-OFF REGULATOR,Part,Wet-on-Dry Coating System,V00064,,,0.0,0.0,From manual BOM: Wet on Dry Coating System Manual_Soreq_FINAL.pdf,2026-03-09 18:49:04
PRESSURE RELASE VALVE,Part,Wet-on-Dry Coating System,V00865,,,0.0,0.0,From manual BOM: Wet on Dry Coating System Manual_Soreq_FINAL.pdf,2026-03-09 18:49:04
FLOWMETER 50LPM,Part,Wet-on-Dry Coating System,V01173,,,0.0,0.0,From manual BOM: Wet on Dry Coating System Manual_Soreq_FINAL.pdf,2026-03-09 18:49:04
FLOWMETER 4.4LPM,Part,Wet-on-Dry Coating System,V01174,,,0.0,0.0,From manual BOM: Wet on Dry Coating System Manual_Soreq_FINAL.pdf,2026-03-09 18:49:04
ON/OFF SOLONOID VALVE,Part,Wet-on-Dry Coating System,V01523,,,0.0,0.0,From manual BOM: Wet on Dry Coating System Manual_Soreq_FINAL.pdf,2026-03-09 18:49:04
"3/2 SOLENOID VALVE NC M5, CPE10",Part,Wet-on-Dry Coating System,V01533,,,0.0,0.0,From manual BOM: Wet on Dry Coating System Manual_Soreq_FINAL.pdf,2026-03-09 18:49:04
PRESSURE GAUGE 0-6BAR,Part,Wet-on-Dry Coating System,V01567,,,0.0,0.0,From manual BOM: Wet on Dry Coating System Manual_Soreq_FINAL.pdf,2026-03-09 18:49:04
PID CONTROLLER,Part,Wet-on-Dry Coating System,V01568,,,0.0,0.0,From manual BOM: Wet on Dry Coating System Manual_Soreq_FINAL.pdf,2026-03-09 18:49:04
2-WAY VALVE,Part,Wet-on-Dry Coating System,V01816,,,0.0,0.0,From manual BOM: Wet on Dry Coating System Manual_Soreq_FINAL.pdf,2026-03-09 18:49:04
MOUNTING BRACKETS,Part,Wet-on-Dry Coating System,V01628,,,0.0,0.0,From manual BOM: Wet on Dry Coating System Manual_Soreq_FINAL.pdf,2026-03-09 18:49:04
FURNACE MOUNTING KIT,Part,63mm Furnace System,284329A,Mounted,MOUNTED,1.0,0.0,Mounted baseline from manual BOM: 63mm Furnace Manual_Soreq_rev-22-Jul-20_AD.pdf,2026-03-09 18:56:44
FURNACE TOOL KIT 63mm ID GRAPHITE SET,Tool,63mm Furnace System,285245A,Mounted,MOUNTED,1.0,0.0,Mounted baseline from manual BOM: 63mm Furnace Manual_Soreq_rev-22-Jul-20_AD.pdf,2026-03-09 18:56:44
WATER PANEL ASSEMBLY - 38 & 63mm FURNACE,Part,63mm Furnace System,288918A,Mounted,MOUNTED,1.0,0.0,Mounted baseline from manual BOM: 63mm Furnace Manual_Soreq_rev-22-Jul-20_AD.pdf,2026-03-09 18:56:44
WATER PANEL ASSEMBLY - 63mm TRANSFORMER,Part,63mm Furnace System,288919A,Mounted,MOUNTED,1.0,0.0,Mounted baseline from manual BOM: 63mm Furnace Manual_Soreq_rev-22-Jul-20_AD.pdf,2026-03-09 18:56:44
4000A TRANSFORMER ASSY,Part,63mm Furnace System,289091A,Mounted,MOUNTED,1.0,0.0,Mounted baseline from manual BOM: 63mm Furnace Manual_Soreq_rev-22-Jul-20_AD.pdf,2026-03-09 18:56:44
63mm FURNACE ASSY,Part,63mm Furnace System,380033A,Mounted,MOUNTED,1.0,0.0,Mounted baseline from manual BOM: 63mm Furnace Manual_Soreq_rev-22-Jul-20_AD.pdf,2026-03-09 18:56:44
RADIATION SHIELD ASSY,Part,63mm Furnace System,282701A,Mounted,MOUNTED,1.0,0.0,Mounted baseline from manual BOM: 63mm Furnace Manual_Soreq_rev-22-Jul-20_AD.pdf,2026-03-09 18:56:44
WATER COOLED OUTLET,Part,63mm Furnace System,284266A,Mounted,MOUNTED,1.0,0.0,Mounted baseline from manual BOM: 63mm Furnace Manual_Soreq_rev-22-Jul-20_AD.pdf,2026-03-09 18:56:44
FURNACE DOOR ASSEMBLY FOR 63MM FURNACE,Part,63mm Furnace System,285186A,Mounted,MOUNTED,1.0,0.0,Mounted baseline from manual BOM: 63mm Furnace Manual_Soreq_rev-22-Jul-20_AD.pdf,2026-03-09 18:56:44
PYROMETER ASSY,Part,63mm Furnace System,286001A,Mounted,MOUNTED,1.0,0.0,Mounted baseline from manual BOM: 63mm Furnace Manual_Soreq_rev-22-Jul-20_AD.pdf,2026-03-09 18:56:44
FURNACE BODY ASSY - 4 HOLES,Part,63mm Furnace System,288976A,Mounted,MOUNTED,1.0,0.0,Mounted baseline from manual BOM: 63mm Furnace Manual_Soreq_rev-22-Jul-20_AD.pdf,2026-03-09 18:56:44
50mm GRAPHITE SET,Part,63mm Furnace System,380182A,Mounted,MOUNTED,1.0,0.0,Mounted baseline from manual BOM: 63mm Furnace Manual_Soreq_rev-22-Jul-20_AD.pdf,2026-03-09 18:56:44
REAR PANEL,Part,63mm Furnace System,284363,Mounted,MOUNTED,1.0,0.0,Mounted baseline from manual BOM: 63mm Furnace Manual_Soreq_rev-22-Jul-20_AD.pdf,2026-03-09 18:56:44
LH PANEL,Part,63mm Furnace System,284364,Mounted,MOUNTED,1.0,0.0,Mounted baseline from manual BOM: 63mm Furnace Manual_Soreq_rev-22-Jul-20_AD.pdf,2026-03-09 18:56:44
RH PANEL,Part,63mm Furnace System,284365,Mounted,MOUNTED,1.0,0.0,Mounted baseline from manual BOM: 63mm Furnace Manual_Soreq_rev-22-Jul-20_AD.pdf,2026-03-09 18:56:44
FRONT PANEL,Part,63mm Furnace System,284366,Mounted,MOUNTED,1.0,0.0,Mounted baseline from manual BOM: 63mm Furnace Manual_Soreq_rev-22-Jul-20_AD.pdf,2026-03-09 18:56:44
DIODE ASSY SUPP BRKT,Part,63mm Furnace System,284367,Mounted,MOUNTED,1.0,0.0,Mounted baseline from manual BOM: 63mm Furnace Manual_Soreq_rev-22-Jul-20_AD.pdf,2026-03-09 18:56:44
DIODE SUPPORT BRACKET,Part,63mm Furnace System,284368,Mounted,MOUNTED,3.0,0.0,Mounted baseline from manual BOM: 63mm Furnace Manual_Soreq_rev-22-Jul-20_AD.pdf,2026-03-09 18:56:44
BUSBAR CLAMP PLATE,Part,63mm Furnace System,284369,Mounted,MOUNTED,1.0,0.0,Mounted baseline from manual BOM: 63mm Furnace Manual_Soreq_rev-22-Jul-20_AD.pdf,2026-03-09 18:56:44
CLAMP BLOCK 16mm,Part,63mm Furnace System,284370,Mounted,MOUNTED,3.0,0.0,Mounted baseline from manual BOM: 63mm Furnace Manual_Soreq_rev-22-Jul-20_AD.pdf,2026-03-09 18:56:44
CLAMP BLOCK 42.5mm,Part,63mm Furnace System,284371,Mounted,MOUNTED,1.0,0.0,Mounted baseline from manual BOM: 63mm Furnace Manual_Soreq_rev-22-Jul-20_AD.pdf,2026-03-09 18:56:44
CLAMP BLOCK 35mm,Part,63mm Furnace System,284372,Mounted,MOUNTED,1.0,0.0,Mounted baseline from manual BOM: 63mm Furnace Manual_Soreq_rev-22-Jul-20_AD.pdf,2026-03-09 18:56:44
M12 x 230 LONG STUD SS,Part,63mm Furnace System,284373,Mounted,MOUNTED,2.0,0.0,Mounted baseline from manual BOM: 63mm Furnace Manual_Soreq_rev-22-Jul-20_AD.pdf,2026-03-09 18:56:44
CONNECTOR - DIODE,Part,63mm Furnace System,284374,Mounted,MOUNTED,2.0,0.0,Mounted baseline from manual BOM: 63mm Furnace Manual_Soreq_rev-22-Jul-20_AD.pdf,2026-03-09 18:56:44
CLAMP WASHER,Part,63mm Furnace System,284375,Mounted,MOUNTED,4.0,0.0,Mounted baseline from manual BOM: 63mm Furnace Manual_Soreq_rev-22-Jul-20_AD.pdf,2026-03-09 18:56:44
BUSBAR - 100x10mm x2M,Part,63mm Furnace System,284376,Mounted,MOUNTED,4.0,0.0,Mounted baseline from manual BOM: 63mm Furnace Manual_Soreq_rev-22-Jul-20_AD.pdf,2026-03-09 18:56:44
35mm DIN RAIL 150 LONG,Part,63mm Furnace System,284378,Mounted,MOUNTED,1.0,0.0,Mounted baseline from manual BOM: 63mm Furnace Manual_Soreq_rev-22-Jul-20_AD.pdf,2026-03-09 18:56:44
TOP PANEL,Part,63mm Furnace System,284672,Mounted,MOUNTED,1.0,0.0,Mounted baseline from manual BOM: 63mm Furnace Manual_Soreq_rev-22-Jul-20_AD.pdf,2026-03-09 18:56:44
FAN MOUNTING BRACKET,Part,63mm Furnace System,284844,Mounted,MOUNTED,1.0,0.0,Mounted baseline from manual BOM: 63mm Furnace Manual_Soreq_rev-22-Jul-20_AD.pdf,2026-03-09 18:56:44
TRANSFORMER DIODE MO,Part,63mm Furnace System,286109,Mounted,MOUNTED,1.0,0.0,Mounted baseline from manual BOM: 63mm Furnace Manual_Soreq_rev-22-Jul-20_AD.pdf,2026-03-09 18:56:44
CONDUIT BRACKET,Part,63mm Furnace System,286491,Mounted,MOUNTED,1.0,0.0,Mounted baseline from manual BOM: 63mm Furnace Manual_Soreq_rev-22-Jul-20_AD.pdf,2026-03-09 18:56:44
MTG PLATE - CURRENT SENSOR,Part,63mm Furnace System,286524,Mounted,MOUNTED,1.0,0.0,Mounted baseline from manual BOM: 63mm Furnace Manual_Soreq_rev-22-Jul-20_AD.pdf,2026-03-09 18:56:44
DIODE CLAMP PLATE,Part,63mm Furnace System,288139,Mounted,MOUNTED,18.0,0.0,Mounted baseline from manual BOM: 63mm Furnace Manual_Soreq_rev-22-Jul-20_AD.pdf,2026-03-09 18:56:44
CLEAR EXTRUDED ACRYLIC SHEET,Part,63mm Furnace System,289325,Mounted,MOUNTED,1.0,0.0,Mounted baseline from manual BOM: 63mm Furnace Manual_Soreq_rev-22-Jul-20_AD.pdf,2026-03-09 18:56:44
Washer 12mm Std S/S,Part,63mm Furnace System,K00508,Mounted,MOUNTED,4.0,0.0,Mounted baseline from manual BOM: 63mm Furnace Manual_Soreq_rev-22-Jul-20_AD.pdf,2026-03-09 18:56:44
HxNut M12 S/S,Part,63mm Furnace System,K00509,Mounted,MOUNTED,4.0,0.0,Mounted baseline from manual BOM: 63mm Furnace Manual_Soreq_rev-22-Jul-20_AD.pdf,2026-03-09 18:56:44
O-RING CARRIER,Part,63mm Furnace System,185027,Mounted,MOUNTED,1.0,0.0,Mounted baseline from manual BOM: 63mm Furnace Manual_Soreq_rev-22-Jul-20_AD.pdf,2026-03-09 18:56:44
O-RING RETAINER BUSH,Part,63mm Furnace System,185028,Mounted,MOUNTED,1.0,0.0,Mounted baseline from manual BOM: 63mm Furnace Manual_Soreq_rev-22-Jul-20_AD.pdf,2026-03-09 18:56:44
WINDOW PYROMETER,Part,63mm Furnace System,185029,Mounted,MOUNTED,1.0,0.0,Mounted baseline from manual BOM: 63mm Furnace Manual_Soreq_rev-22-Jul-20_AD.pdf,2026-03-09 18:56:44
PYRO WINDOW SPACER,Part,63mm Furnace System,185030,Mounted,MOUNTED,1.0,0.0,Mounted baseline from manual BOM: 63mm Furnace Manual_Soreq_rev-22-Jul-20_AD.pdf,2026-03-09 18:56:44
TIE BAR INSULATION B,Part,63mm Furnace System,185091,Mounted,MOUNTED,8.0,0.0,Mounted baseline from manual BOM: 63mm Furnace Manual_Soreq_rev-22-Jul-20_AD.pdf,2026-03-09 18:56:44
INNER INSULATION RING,Part,63mm Furnace System,185094,Mounted,MOUNTED,2.0,0.0,Mounted baseline from manual BOM: 63mm Furnace Manual_Soreq_rev-22-Jul-20_AD.pdf,2026-03-09 18:56:44
OUTER INSULATION RING,Part,63mm Furnace System,186332,Mounted,MOUNTED,2.0,0.0,Mounted baseline from manual BOM: 63mm Furnace Manual_Soreq_rev-22-Jul-20_AD.pdf,2026-03-09 18:56:44
GAS CURTAIN FLANGE,Part,63mm Furnace System,186705,Mounted,MOUNTED,1.0,0.0,Mounted baseline from manual BOM: 63mm Furnace Manual_Soreq_rev-22-Jul-20_AD.pdf,2026-03-09 18:56:44
FURNACE BODY,Part,63mm Furnace System,186708,Mounted,MOUNTED,1.0,0.0,Mounted baseline from manual BOM: 63mm Furnace Manual_Soreq_rev-22-Jul-20_AD.pdf,2026-03-09 18:56:44
BOTTOM COVER FLANGE,Part,63mm Furnace System,188404,Mounted,MOUNTED,1.0,0.0,Mounted baseline from manual BOM: 63mm Furnace Manual_Soreq_rev-22-Jul-20_AD.pdf,2026-03-09 18:56:44
TIE BAR,Part,63mm Furnace System,282740,Mounted,MOUNTED,4.0,0.0,Mounted baseline from manual BOM: 63mm Furnace Manual_Soreq_rev-22-Jul-20_AD.pdf,2026-03-09 18:56:44
TOP SEAL PLATE,Part,63mm Furnace System,285190,Mounted,MOUNTED,1.0,0.0,Mounted baseline from manual BOM: 63mm Furnace Manual_Soreq_rev-22-Jul-20_AD.pdf,2026-03-09 18:56:44
TOP COVER FLANGE,Part,63mm Furnace System,285191,Mounted,MOUNTED,1.0,0.0,Mounted baseline from manual BOM: 63mm Furnace Manual_Soreq_rev-22-Jul-20_AD.pdf,2026-03-09 18:56:44
LOWER CONDUCT FLANGE - NO HOLES,Part,63mm Furnace System,288974,Mounted,MOUNTED,1.0,0.0,Mounted baseline from manual BOM: 63mm Furnace Manual_Soreq_rev-22-Jul-20_AD.pdf,2026-03-09 18:56:44
UPPER CONDUCT FLANGE - NO HOLES,Part,63mm Furnace System,288975,Mounted,MOUNTED,1.0,0.0,Mounted baseline from manual BOM: 63mm Furnace Manual_Soreq_rev-22-Jul-20_AD.pdf,2026-03-09 18:56:44
Washer 8mm Std S/S,Part,63mm Furnace System,K00065,Mounted,MOUNTED,12.0,0.0,Mounted baseline from manual BOM: 63mm Furnace Manual_Soreq_rev-22-Jul-20_AD.pdf,2026-03-09 18:56:44
HxCpHd M5x8 S/S,Part,63mm Furnace System,K00162,Mounted,MOUNTED,14.0,0.0,Mounted baseline from manual BOM: 63mm Furnace Manual_Soreq_rev-22-Jul-20_AD.pdf,2026-03-09 18:56:44
HxCpHd M6x35 S/S,Part,63mm Furnace System,K00279,Mounted,MOUNTED,4.0,0.0,Mounted baseline from manual BOM: 63mm Furnace Manual_Soreq_rev-22-Jul-20_AD.pdf,2026-03-09 18:56:44
Washer 6mm Std S/S,Part,63mm Furnace System,K00313,Mounted,MOUNTED,12.0,0.0,Mounted baseline from manual BOM: 63mm Furnace Manual_Soreq_rev-22-Jul-20_AD.pdf,2026-03-09 18:56:44
HxNut M8 S/S,Part,63mm Furnace System,K00345,Mounted,MOUNTED,8.0,0.0,Mounted baseline from manual BOM: 63mm Furnace Manual_Soreq_rev-22-Jul-20_AD.pdf,2026-03-09 18:56:44
HxCpHd M6x60 S/S,Part,63mm Furnace System,K00494,Mounted,MOUNTED,8.0,0.0,Mounted baseline from manual BOM: 63mm Furnace Manual_Soreq_rev-22-Jul-20_AD.pdf,2026-03-09 18:56:44
"UNION 1/4""",Part,63mm Furnace System,P01961,Mounted,MOUNTED,3.0,0.0,Mounted baseline from manual BOM: 63mm Furnace Manual_Soreq_rev-22-Jul-20_AD.pdf,2026-03-09 18:56:44
"CONNECTOR 1/8"" BSPT 1/4""",Part,63mm Furnace System,P01962,Mounted,MOUNTED,4.0,0.0,Mounted baseline from manual BOM: 63mm Furnace Manual_Soreq_rev-22-Jul-20_AD.pdf,2026-03-09 18:56:44
"CONNECTOR 3/8"" - 1/8"" BSPT",Part,63mm Furnace System,P02956,Mounted,MOUNTED,10.0,0.0,Mounted baseline from manual BOM: 63mm Furnace Manual_Soreq_rev-22-Jul-20_AD.pdf,2026-03-09 18:56:44
"3/8"" HOSE x 3/8"" TUBE",Part,63mm Furnace System,P03243,Mounted,MOUNTED,10.0,0.0,Mounted baseline from manual BOM: 63mm Furnace Manual_Soreq_rev-22-Jul-20_AD.pdf,2026-03-09 18:56:44
O-RING VITON,Part,63mm Furnace System,S00052,Mounted,MOUNTED,4.0,0.0,Mounted baseline from manual BOM: 63mm Furnace Manual_Soreq_rev-22-Jul-20_AD.pdf,2026-03-09 18:56:44
PYROMETER CLAMP,Part,63mm Furnace System,P00636,Mounted,MOUNTED,1.0,0.0,Mounted baseline from manual BOM: 63mm Furnace Manual_Soreq_rev-22-Jul-20_AD.pdf,2026-03-09 18:56:44
O RING 200-261-9775,Part,63mm Furnace System,S00054,Mounted,MOUNTED,1.0,0.0,Mounted baseline from manual BOM: 63mm Furnace Manual_Soreq_rev-22-Jul-20_AD.pdf,2026-03-09 18:56:44
O RING 200-112-9775,Part,63mm Furnace System,S00202,Mounted,MOUNTED,1.0,0.0,Mounted baseline from manual BOM: 63mm Furnace Manual_Soreq_rev-22-Jul-20_AD.pdf,2026-03-09 18:56:44
O RING 200-254-9775,Part,63mm Furnace System,S00324,Mounted,MOUNTED,2.0,0.0,Mounted baseline from manual BOM: 63mm Furnace Manual_Soreq_rev-22-Jul-20_AD.pdf,2026-03-09 18:56:44
O RING 200-242-9775,Part,63mm Furnace System,S00372,Mounted,MOUNTED,1.0,0.0,Mounted baseline from manual BOM: 63mm Furnace Manual_Soreq_rev-22-Jul-20_AD.pdf,2026-03-09 18:56:44
10mm PIPE SPACER,Part,63mm Furnace System,287894,Mounted,MOUNTED,8.0,0.0,Mounted baseline from manual BOM: 63mm Furnace Manual_Soreq_rev-22-Jul-20_AD.pdf,2026-03-09 18:56:44
20mm PIPE SPACER,Part,63mm Furnace System,287903,Mounted,MOUNTED,2.0,0.0,Mounted baseline from manual BOM: 63mm Furnace Manual_Soreq_rev-22-Jul-20_AD.pdf,2026-03-09 18:56:44
PANEL - TRANSFORMER WATER MANIFOLDS,Part,63mm Furnace System,288920,Mounted,MOUNTED,1.0,0.0,Mounted baseline from manual BOM: 63mm Furnace Manual_Soreq_rev-22-Jul-20_AD.pdf,2026-03-09 18:56:44
22MM COMPRESSION BALL VALVE,Part,63mm Furnace System,H05146,Mounted,MOUNTED,1.0,0.0,Mounted baseline from manual BOM: 63mm Furnace Manual_Soreq_rev-22-Jul-20_AD.pdf,2026-03-09 18:56:44
"5mm PLAIN WASHER - STD, S/S",Part,63mm Furnace System,K00061,Mounted,MOUNTED,2.0,0.0,Mounted baseline from manual BOM: 63mm Furnace Manual_Soreq_rev-22-Jul-20_AD.pdf,2026-03-09 18:56:44
HxCpHd M4x10 S/S,Part,63mm Furnace System,K00284,Mounted,MOUNTED,2.0,0.0,Mounted baseline from manual BOM: 63mm Furnace Manual_Soreq_rev-22-Jul-20_AD.pdf,2026-03-09 18:56:44
M5x95 SKT CAP SCREW S/S,Part,63mm Furnace System,K03044,Mounted,MOUNTED,2.0,0.0,Mounted baseline from manual BOM: 63mm Furnace Manual_Soreq_rev-22-Jul-20_AD.pdf,2026-03-09 18:56:44
HxCpHd M6x90 S/S,Part,63mm Furnace System,K03263,Mounted,MOUNTED,2.0,0.0,Mounted baseline from manual BOM: 63mm Furnace Manual_Soreq_rev-22-Jul-20_AD.pdf,2026-03-09 18:56:44
"1/2"" BSP BLANKING PLUG",Part,63mm Furnace System,P03120,Mounted,MOUNTED,3.0,0.0,Mounted baseline from manual BOM: 63mm Furnace Manual_Soreq_rev-22-Jul-20_AD.pdf,2026-03-09 18:56:44
"1/2"" OD TUBE UNION ELBOW BRASS",Part,63mm Furnace System,P02608,Mounted,MOUNTED,4.0,0.0,Mounted baseline from manual BOM: 63mm Furnace Manual_Soreq_rev-22-Jul-20_AD.pdf,2026-03-09 18:56:44
"1/8"" TUBE TO 1/4"" BSP MALE CONNECTOR",Part,63mm Furnace System,P03780,Mounted,MOUNTED,1.0,0.0,Mounted baseline from manual BOM: 63mm Furnace Manual_Soreq_rev-22-Jul-20_AD.pdf,2026-03-09 18:56:44
"1"" BSP HOSETAIL",Part,63mm Furnace System,P04006,Mounted,MOUNTED,2.0,0.0,Mounted baseline from manual BOM: 63mm Furnace Manual_Soreq_rev-22-Jul-20_AD.pdf,2026-03-09 18:56:44
"1"" BSP FEMALE TO 22mm COUPLING",Part,63mm Furnace System,P04014,Mounted,MOUNTED,2.0,0.0,Mounted baseline from manual BOM: 63mm Furnace Manual_Soreq_rev-22-Jul-20_AD.pdf,2026-03-09 18:56:44
22mm STANJDARD CLAMP PP,Part,63mm Furnace System,P04069,Mounted,MOUNTED,2.0,0.0,Mounted baseline from manual BOM: 63mm Furnace Manual_Soreq_rev-22-Jul-20_AD.pdf,2026-03-09 18:56:44
COVER PLATE DP3 W3,Part,63mm Furnace System,P04070,Mounted,MOUNTED,10.0,0.0,Mounted baseline from manual BOM: 63mm Furnace Manual_Soreq_rev-22-Jul-20_AD.pdf,2026-03-09 18:56:44
"BONDED SEAL FOR 1"" BSP",Part,63mm Furnace System,P04071,Mounted,MOUNTED,4.0,0.0,Mounted baseline from manual BOM: 63mm Furnace Manual_Soreq_rev-22-Jul-20_AD.pdf,2026-03-09 18:56:44
"BONDED SEAL FOR 1/2"" BSP",Part,63mm Furnace System,P04072,Mounted,MOUNTED,18.0,0.0,Mounted baseline from manual BOM: 63mm Furnace Manual_Soreq_rev-22-Jul-20_AD.pdf,2026-03-09 18:56:44
"BONDED SEAL FOR 1/4"" BSP",Part,63mm Furnace System,P04073,Mounted,MOUNTED,1.0,0.0,Mounted baseline from manual BOM: 63mm Furnace Manual_Soreq_rev-22-Jul-20_AD.pdf,2026-03-09 18:56:44
"4 WAY MANIFOLD - 1/2"" BSP PORTS",Part,63mm Furnace System,P04074,Mounted,MOUNTED,2.0,0.0,Mounted baseline from manual BOM: 63mm Furnace Manual_Soreq_rev-22-Jul-20_AD.pdf,2026-03-09 18:56:44
"1/2"" TO 1/4"" BSP PL REDUCING BUSH",Part,63mm Furnace System,P04075,Mounted,MOUNTED,1.0,0.0,Mounted baseline from manual BOM: 63mm Furnace Manual_Soreq_rev-22-Jul-20_AD.pdf,2026-03-09 18:56:44
"22mm TO 1/2"" BSP MALE COUPLER",Part,63mm Furnace System,P04076,Mounted,MOUNTED,4.0,0.0,Mounted baseline from manual BOM: 63mm Furnace Manual_Soreq_rev-22-Jul-20_AD.pdf,2026-03-09 18:56:44
"FLOW SWITCH 6 - 15 l/min 1/2"" BSP",Part,63mm Furnace System,V01552,Mounted,MOUNTED,1.0,0.0,Mounted baseline from manual BOM: 63mm Furnace Manual_Soreq_rev-22-Jul-20_AD.pdf,2026-03-09 18:56:44
"MALE CONNECTOR 3/8""",Part,63mm Furnace System,P03197,Mounted,MOUNTED,10.0,0.0,Mounted baseline from manual BOM: 63mm Furnace Manual_Soreq_rev-22-Jul-20_AD.pdf,2026-03-09 18:56:44
"1/2"" G Female to 1/2"" tube",Part,63mm Furnace System,P03046,Mounted,MOUNTED,4.0,0.0,Mounted baseline from manual BOM: 63mm Furnace Manual_Soreq_rev-22-Jul-20_AD.pdf,2026-03-09 18:56:44
SPACER (14mm),Part,63mm Furnace System,125886,Mounted,MOUNTED,2.0,0.0,Mounted baseline from manual BOM: 63mm Furnace Manual_Soreq_rev-22-Jul-20_AD.pdf,2026-03-09 18:56:44
SPACER 20MM,Part,63mm Furnace System,288643,Mounted,MOUNTED,2.0,0.0,Mounted baseline from manual BOM: 63mm Furnace Manual_Soreq_rev-22-Jul-20_AD.pdf,2026-03-09 18:56:44
PANEL - 38mm FURNACE WATER,Part,63mm Furnace System,288928,Mounted,MOUNTED,1.0,0.0,Mounted baseline from manual BOM: 63mm Furnace Manual_Soreq_rev-22-Jul-20_AD.pdf,2026-03-09 18:56:44
HxCpHd M5x100 S/S,Part,63mm Furnace System,K03090,Mounted,MOUNTED,2.0,0.0,Mounted baseline from manual BOM: 63mm Furnace Manual_Soreq_rev-22-Jul-20_AD.pdf,2026-03-09 18:56:44
HxCpHd M6x100 S/S,Part,63mm Furnace System,K03263,Mounted,MOUNTED,2.0,0.0,Mounted baseline from manual BOM: 63mm Furnace Manual_Soreq_rev-22-Jul-20_AD.pdf,2026-03-09 18:56:44
"HOSE CONNECTOR 1/2"" BARB to 1/2"" TUBE",Part,63mm Furnace System,P02910,Mounted,MOUNTED,4.0,0.0,Mounted baseline from manual BOM: 63mm Furnace Manual_Soreq_rev-22-Jul-20_AD.pdf,2026-03-09 18:56:44
"3/8"" BSP TO 3/8"" SWAGELOK",Part,63mm Furnace System,P03309,Mounted,MOUNTED,1.0,0.0,Mounted baseline from manual BOM: 63mm Furnace Manual_Soreq_rev-22-Jul-20_AD.pdf,2026-03-09 18:56:44
"6 WAY MANIFOLD - 1/2"" BSP",Part,63mm Furnace System,P04000,Mounted,MOUNTED,2.0,0.0,Mounted baseline from manual BOM: 63mm Furnace Manual_Soreq_rev-22-Jul-20_AD.pdf,2026-03-09 18:56:44
"3/8"" TO 1/4"" BSP REDUCING BUSH",Part,63mm Furnace System,P04001,Mounted,MOUNTED,1.0,0.0,Mounted baseline from manual BOM: 63mm Furnace Manual_Soreq_rev-22-Jul-20_AD.pdf,2026-03-09 18:56:44
"FEMALE COUPLER 15mm TO 1/2"" BSPT",Part,63mm Furnace System,P04009,Mounted,MOUNTED,1.0,0.0,Mounted baseline from manual BOM: 63mm Furnace Manual_Soreq_rev-22-Jul-20_AD.pdf,2026-03-09 18:56:44
"3/8"" TO 1/8"" REDUCER",Part,63mm Furnace System,P04010,Mounted,MOUNTED,1.0,0.0,Mounted baseline from manual BOM: 63mm Furnace Manual_Soreq_rev-22-Jul-20_AD.pdf,2026-03-09 18:56:44
REDUCING TEE 22 x 22 x 15,Part,63mm Furnace System,P04016,Mounted,MOUNTED,1.0,0.0,Mounted baseline from manual BOM: 63mm Furnace Manual_Soreq_rev-22-Jul-20_AD.pdf,2026-03-09 18:56:44
"22mm TO 1"" BSP MALE COUPLER",Part,63mm Furnace System,P04077,Mounted,MOUNTED,2.0,0.0,Mounted baseline from manual BOM: 63mm Furnace Manual_Soreq_rev-22-Jul-20_AD.pdf,2026-03-09 18:56:44
BONDED SEAL 3/8,Part,63mm Furnace System,S00184,Mounted,MOUNTED,1.0,0.0,Mounted baseline from manual BOM: 63mm Furnace Manual_Soreq_rev-22-Jul-20_AD.pdf,2026-03-09 18:56:44
FLOW SWITCH 30 - 90 l/min,Part,63mm Furnace System,V01559,Mounted,MOUNTED,1.0,0.0,Mounted baseline from manual BOM: 63mm Furnace Manual_Soreq_rev-22-Jul-20_AD.pdf,2026-03-09 18:56:44
STOP/ADJUSTER BLOCK,Part,63mm Furnace System,283852,Mounted,MOUNTED,4.0,0.0,Mounted baseline from manual BOM: 63mm Furnace Manual_Soreq_rev-22-Jul-20_AD.pdf,2026-03-09 18:56:44
CLAMP WASHER,Part,63mm Furnace System,283938,Mounted,MOUNTED,4.0,0.0,Mounted baseline from manual BOM: 63mm Furnace Manual_Soreq_rev-22-Jul-20_AD.pdf,2026-03-09 18:56:44
SUPPORT PLT ASSY 63 FURNACE,Part,63mm Furnace System,284330A,Mounted,MOUNTED,1.0,0.0,Mounted baseline from manual BOM: 63mm Furnace Manual_Soreq_rev-22-Jul-20_AD.pdf,2026-03-09 18:56:44
ADJUSTER PLATE 63MM,Part,63mm Furnace System,284336,Mounted,MOUNTED,1.0,0.0,Mounted baseline from manual BOM: 63mm Furnace Manual_Soreq_rev-22-Jul-20_AD.pdf,2026-03-09 18:56:44
BUSBAR SUPPORT BLOCK,Part,63mm Furnace System,284337,Mounted,MOUNTED,1.0,0.0,Mounted baseline from manual BOM: 63mm Furnace Manual_Soreq_rev-22-Jul-20_AD.pdf,2026-03-09 18:56:44
BUSBAR CLAMP PLATE,Part,63mm Furnace System,284338,Mounted,MOUNTED,4.0,0.0,Mounted baseline from manual BOM: 63mm Furnace Manual_Soreq_rev-22-Jul-20_AD.pdf,2026-03-09 18:56:44
CLAMP BLOCK 16mm,Part,63mm Furnace System,284339,Mounted,MOUNTED,5.0,0.0,Mounted baseline from manual BOM: 63mm Furnace Manual_Soreq_rev-22-Jul-20_AD.pdf,2026-03-09 18:56:44
CLAMP BLOCK 25mm,Part,63mm Furnace System,284340,Mounted,MOUNTED,1.0,0.0,Mounted baseline from manual BOM: 63mm Furnace Manual_Soreq_rev-22-Jul-20_AD.pdf,2026-03-09 18:56:44
STUD SUPPORT PLATE ASSY,Part,63mm Furnace System,284341A,Mounted,MOUNTED,1.0,0.0,Mounted baseline from manual BOM: 63mm Furnace Manual_Soreq_rev-22-Jul-20_AD.pdf,2026-03-09 18:56:44
COPPER SPACER BLOCK,Part,63mm Furnace System,284345,Mounted,MOUNTED,1.0,0.0,Mounted baseline from manual BOM: 63mm Furnace Manual_Soreq_rev-22-Jul-20_AD.pdf,2026-03-09 18:56:44
M16 x 450 STUD,Part,63mm Furnace System,284360,Mounted,MOUNTED,2.0,0.0,Mounted baseline from manual BOM: 63mm Furnace Manual_Soreq_rev-22-Jul-20_AD.pdf,2026-03-09 18:56:44
SUPPORT STUD - 64.5mm,Part,63mm Furnace System,284706,Mounted,MOUNTED,4.0,0.0,Mounted baseline from manual BOM: 63mm Furnace Manual_Soreq_rev-22-Jul-20_AD.pdf,2026-03-09 18:56:44
StScr-M6x25 S/S,Part,63mm Furnace System,H04380,Mounted,MOUNTED,4.0,0.0,Mounted baseline from manual BOM: 63mm Furnace Manual_Soreq_rev-22-Jul-20_AD.pdf,2026-03-09 18:56:44
BUSBAR CLAMP 100mm,Part,63mm Furnace System,H04535,Mounted,MOUNTED,8.0,0.0,Mounted baseline from manual BOM: 63mm Furnace Manual_Soreq_rev-22-Jul-20_AD.pdf,2026-03-09 18:56:44
HxCpHd M6x25 S/S,Part,63mm Furnace System,K00030,Mounted,MOUNTED,4.0,0.0,Mounted baseline from manual BOM: 63mm Furnace Manual_Soreq_rev-22-Jul-20_AD.pdf,2026-03-09 18:56:44
Washer 5mm Std S/S,Part,63mm Furnace System,K00061,Mounted,MOUNTED,12.0,0.0,Mounted baseline from manual BOM: 63mm Furnace Manual_Soreq_rev-22-Jul-20_AD.pdf,2026-03-09 18:56:44
HxCpHd M5x20 S/S,Part,63mm Furnace System,K00293,Mounted,MOUNTED,8.0,0.0,Mounted baseline from manual BOM: 63mm Furnace Manual_Soreq_rev-22-Jul-20_AD.pdf,2026-03-09 18:56:44
HxNut M6 S/S,Part,63mm Furnace System,K00312,Mounted,MOUNTED,4.0,0.0,Mounted baseline from manual BOM: 63mm Furnace Manual_Soreq_rev-22-Jul-20_AD.pdf,2026-03-09 18:56:44
Washer M10 (Form A) S/S,Part,63mm Furnace System,K00513,Mounted,MOUNTED,4.0,0.0,Mounted baseline from manual BOM: 63mm Furnace Manual_Soreq_rev-22-Jul-20_AD.pdf,2026-03-09 18:56:44
HxNut M10 S/S,Part,63mm Furnace System,K00549,Mounted,MOUNTED,4.0,0.0,Mounted baseline from manual BOM: 63mm Furnace Manual_Soreq_rev-22-Jul-20_AD.pdf,2026-03-09 18:56:44
HxNut M16 Half S/S,Part,63mm Furnace System,K00864,Mounted,MOUNTED,4.0,0.0,Mounted baseline from manual BOM: 63mm Furnace Manual_Soreq_rev-22-Jul-20_AD.pdf,2026-03-09 18:56:44
HxCpHd M8x25 S/S,Part,63mm Furnace System,K00882,Mounted,MOUNTED,12.0,0.0,Mounted baseline from manual BOM: 63mm Furnace Manual_Soreq_rev-22-Jul-20_AD.pdf,2026-03-09 18:56:44
HxNut Full M16 S/S,Part,63mm Furnace System,K00902,Mounted,MOUNTED,18.0,0.0,Mounted baseline from manual BOM: 63mm Furnace Manual_Soreq_rev-22-Jul-20_AD.pdf,2026-03-09 18:56:44
Washer M16 (Form C) S/S,Part,63mm Furnace System,K00903,Mounted,MOUNTED,14.0,0.0,Mounted baseline from manual BOM: 63mm Furnace Manual_Soreq_rev-22-Jul-20_AD.pdf,2026-03-09 18:56:44
HxHd Bolt M16 x 80 S/S,Part,63mm Furnace System,K03202,Mounted,MOUNTED,4.0,0.0,Mounted baseline from manual BOM: 63mm Furnace Manual_Soreq_rev-22-Jul-20_AD.pdf,2026-03-09 18:56:44
HxHd Bolt M16x100 S/S,Part,63mm Furnace System,K03203,Mounted,MOUNTED,4.0,0.0,Mounted baseline from manual BOM: 63mm Furnace Manual_Soreq_rev-22-Jul-20_AD.pdf,2026-03-09 18:56:44
HxCpHd M12x30 HTS 12.9,Part,63mm Furnace System,K03285,Mounted,MOUNTED,2.0,0.0,Mounted baseline from manual BOM: 63mm Furnace Manual_Soreq_rev-22-Jul-20_AD.pdf,2026-03-09 18:56:44
GUIDE PULLEY & BREAK DETECTOR,Part,Capstan System,380111A,Mounted,MOUNTED,1.0,0.0,Mounted baseline from manual BOM: Capstan V2.pdf,2026-03-09 18:56:44
500mm CAPSTAN SLIDING DOOR,Part,Capstan System,287756A,Mounted,MOUNTED,1.0,0.0,Mounted baseline from manual BOM: Capstan V2.pdf,2026-03-09 18:56:44
AL EXT. 30X30X600,Part,Manual BOM,284609,Mounted,MOUNTED,2.0,0.0,Mounted baseline from manual BOM: Centering Pulley & break detector.pdf,2026-03-09 18:56:44
30 x 30 x 95 AL.EXTRUSION,Part,Manual BOM,284925,Mounted,MOUNTED,2.0,0.0,Mounted baseline from manual BOM: Centering Pulley & break detector.pdf,2026-03-09 18:56:44
30 x 60 x 292 AL.EXTRUSION,Part,Manual BOM,380178,Mounted,MOUNTED,2.0,0.0,Mounted baseline from manual BOM: Centering Pulley & break detector.pdf,2026-03-09 18:56:44
Core Screw M8 x 25 S/S,Part,Manual BOM,H04487,Mounted,MOUNTED,8.0,0.0,Mounted baseline from manual BOM: Centering Pulley & break detector.pdf,2026-03-09 18:56:44
BRACKET 30X60X120,Part,Manual BOM,H04488,Mounted,MOUNTED,2.0,0.0,Mounted baseline from manual BOM: Centering Pulley & break detector.pdf,2026-03-09 18:56:44
CAP 30X30,Part,Manual BOM,H04489,Mounted,MOUNTED,4.0,0.0,Mounted baseline from manual BOM: Centering Pulley & break detector.pdf,2026-03-09 18:56:44
T-NUT M8 8MM,Part,Manual BOM,H04490,Mounted,MOUNTED,4.0,0.0,Mounted baseline from manual BOM: Centering Pulley & break detector.pdf,2026-03-09 18:56:44
BRACKET COVER,Part,Manual BOM,H04497,Mounted,MOUNTED,2.0,0.0,Mounted baseline from manual BOM: Centering Pulley & break detector.pdf,2026-03-09 18:56:44
QUICK CON 8 TO 10,Part,Manual BOM,H04607,Mounted,MOUNTED,4.0,0.0,Mounted baseline from manual BOM: Centering Pulley & break detector.pdf,2026-03-09 18:56:44
M8 TEE NUT 10 GRV,Part,Manual BOM,H04608,Mounted,MOUNTED,8.0,0.0,Mounted baseline from manual BOM: Centering Pulley & break detector.pdf,2026-03-09 18:56:44
HxCpHd M8x16 S/S,Part,Manual BOM,K00405,Mounted,MOUNTED,2.0,0.0,Mounted baseline from manual BOM: Centering Pulley & break detector.pdf,2026-03-09 18:56:44
HxCpHd M8x12 S/S,Part,Manual BOM,K00721,Mounted,MOUNTED,4.0,0.0,Mounted baseline from manual BOM: Centering Pulley & break detector.pdf,2026-03-09 18:56:44
CLAMP WASHER - RECTANGULAR M4,Part,Manual BOM,284450,Mounted,MOUNTED,2.0,0.0,Mounted baseline from manual BOM: Centering Pulley & break detector.pdf,2026-03-09 18:56:44
CLAMP WASHER,Part,Manual BOM,284565,Mounted,MOUNTED,2.0,0.0,Mounted baseline from manual BOM: Centering Pulley & break detector.pdf,2026-03-09 18:56:44
PULLEY SPIGOT - GUIDE PUULEY,Part,Manual BOM,284657,Mounted,MOUNTED,2.0,0.0,Mounted baseline from manual BOM: Centering Pulley & break detector.pdf,2026-03-09 18:56:44
150mm DIA. VEE GROOVE PULLEY,Part,Manual BOM,284664,Mounted,MOUNTED,2.0,0.0,Mounted baseline from manual BOM: Centering Pulley & break detector.pdf,2026-03-09 18:56:44
MTG BTKT -BREAK DETECTOR,Part,Manual BOM,284680,Mounted,MOUNTED,2.0,0.0,Mounted baseline from manual BOM: Centering Pulley & break detector.pdf,2026-03-09 18:56:44
MOUNTING BLOCK - GUIDE PULLEY,Part,Manual BOM,380176,Mounted,MOUNTED,2.0,0.0,Mounted baseline from manual BOM: Centering Pulley & break detector.pdf,2026-03-09 18:56:44
ROTATING STAGE,Part,Manual BOM,H05334,Mounted,MOUNTED,2.0,0.0,Mounted baseline from manual BOM: Centering Pulley & break detector.pdf,2026-03-09 18:56:44
PULLEY BRACKET,Part,Manual BOM,380177,Mounted,MOUNTED,2.0,0.0,Mounted baseline from manual BOM: Centering Pulley & break detector.pdf,2026-03-09 18:56:44
ANGLE BRACKET,Part,Manual BOM,H05335,Mounted,MOUNTED,2.0,0.0,Mounted baseline from manual BOM: Centering Pulley & break detector.pdf,2026-03-09 18:56:44
LINEAR SLIDE,Part,Manual BOM,H05333,Mounted,MOUNTED,4.0,0.0,Mounted baseline from manual BOM: Centering Pulley & break detector.pdf,2026-03-09 18:56:44
HxCpHd M4x12 S/S,Part,Manual BOM,K00095,Mounted,MOUNTED,4.0,0.0,Mounted baseline from manual BOM: Centering Pulley & break detector.pdf,2026-03-09 18:56:44
HxCpHd M3x20 S/S,Part,Manual BOM,K03170,Mounted,MOUNTED,4.0,0.0,Mounted baseline from manual BOM: Centering Pulley & break detector.pdf,2026-03-09 18:56:44
CAPSTAN GUIDE PULLEY,Part,Manual BOM,380174A,Mounted,MOUNTED,2.0,0.0,Mounted baseline from manual BOM: Centering Pulley & break detector.pdf,2026-03-09 18:56:44
SUPPORT BRACKET - GUIDE PULLEY,Part,Manual BOM,380175A,Mounted,MOUNTED,1.0,0.0,Mounted baseline from manual BOM: Centering Pulley & break detector.pdf,2026-03-09 18:56:44
T-NUT M6 8MM,Part,Manual BOM,H04445,Mounted,MOUNTED,7.0,0.0,Mounted baseline from manual BOM: Centering Pulley & break detector.pdf,2026-03-09 18:56:44
200 DUCT SUPPORT,Part,Clean Air System,280851,Mounted,MOUNTED,6.0,0.0,Mounted baseline from manual BOM: Clean Air System.pdf,2026-03-09 18:56:44
DUCTING SUPPORT MNTG BRK,Part,Clean Air System,280853,Mounted,MOUNTED,6.0,0.0,Mounted baseline from manual BOM: Clean Air System.pdf,2026-03-09 18:56:44
TUBE SPIROL 200MM,Part,Clean Air System,P02801,Mounted,MOUNTED,3.0,0.0,Mounted baseline from manual BOM: Clean Air System.pdf,2026-03-09 18:56:44
250mm TO 200mm REDUCER,Part,Clean Air System,P02802,Mounted,MOUNTED,2.0,0.0,Mounted baseline from manual BOM: Clean Air System.pdf,2026-03-09 18:56:44
250mm EQUAL TEE,Part,Clean Air System,P02803,Mounted,MOUNTED,1.0,0.0,Mounted baseline from manual BOM: Clean Air System.pdf,2026-03-09 18:56:44
200mm EQUAL TEE,Part,Clean Air System,P04186,Mounted,MOUNTED,1.0,0.0,Mounted baseline from manual BOM: Clean Air System.pdf,2026-03-09 18:56:44
200mm dia B 90DEG.,Part,Clean Air System,P02805,Mounted,MOUNTED,2.0,0.0,Mounted baseline from manual BOM: Clean Air System.pdf,2026-03-09 18:56:44
200mm dia B 60DEG.,Part,Clean Air System,P02806,Mounted,MOUNTED,3.0,0.0,Mounted baseline from manual BOM: Clean Air System.pdf,2026-03-09 18:56:44
DUCT COUPLING FEMALE 200mm,Part,Clean Air System,P02919,Mounted,MOUNTED,3.0,0.0,Mounted baseline from manual BOM: Clean Air System.pdf,2026-03-09 18:56:44
DUCT COUPLING FEMALE 200mm,Part,Clean Air System,P02920,Mounted,MOUNTED,3.0,0.0,Mounted baseline from manual BOM: Clean Air System.pdf,2026-03-09 18:56:44
300mm-250mm REDUCER,Part,Clean Air System,P02923,Mounted,MOUNTED,1.0,0.0,Mounted baseline from manual BOM: Clean Air System.pdf,2026-03-09 18:56:44
FILTER BRACKET LH,Part,Clean Air System,280967,Mounted,MOUNTED,3.0,0.0,Mounted baseline from manual BOM: Clean Air System.pdf,2026-03-09 18:56:44
FILTER BRACKET RH,Part,Clean Air System,280968,Mounted,MOUNTED,3.0,0.0,Mounted baseline from manual BOM: Clean Air System.pdf,2026-03-09 18:56:44
FILTER CLAMP BRACKET,Part,Clean Air System,282329,Mounted,MOUNTED,18.0,0.0,Mounted baseline from manual BOM: Clean Air System.pdf,2026-03-09 18:56:44
FILTER - HEPA,Part,Clean Air System,F00137,Mounted,MOUNTED,3.0,0.0,Mounted baseline from manual BOM: Clean Air System.pdf,2026-03-09 18:56:44
CskSlt M3x10 S/S,Part,Clean Air System,K00072,Mounted,MOUNTED,12.0,0.0,Mounted baseline from manual BOM: Clean Air System.pdf,2026-03-09 18:56:44
"STD, S/S",Part,Clean Air System,K00313,Mounted,MOUNTED,36.0,0.0,Mounted baseline from manual BOM: Clean Air System.pdf,2026-03-09 18:56:44
M6 x 12 PAN SLOT S/S,Part,Clean Air System,K00324,Mounted,MOUNTED,36.0,0.0,Mounted baseline from manual BOM: Clean Air System.pdf,2026-03-09 18:56:44
FAN CABINET ASSY,Part,Clean Air System,188532A,Mounted,MOUNTED,1.0,0.0,Mounted baseline from manual BOM: Clean Air System.pdf,2026-03-09 18:56:44
TOWER FIXING ASSY,Part,Clean Air System,284153A,Mounted,MOUNTED,1.0,0.0,Mounted baseline from manual BOM: Clean Air System.pdf,2026-03-09 18:56:44
TOWER MODULE 1 ASSY BASE,Part,Clean Air System,380077A,Mounted,MOUNTED,1.0,0.0,Mounted baseline from manual BOM: Clean Air System.pdf,2026-03-09 18:56:44
TOWER MODULE 2 ASSY,Part,Clean Air System,380078A,Mounted,MOUNTED,1.0,0.0,Mounted baseline from manual BOM: Clean Air System.pdf,2026-03-09 18:56:44
TOWER MODULE 3 ASSY,Part,Clean Air System,380079A,Mounted,MOUNTED,1.0,0.0,Mounted baseline from manual BOM: Clean Air System.pdf,2026-03-09 18:56:44
TOWER MODULE 4 ASSY,Part,Clean Air System,380080A,Mounted,MOUNTED,1.0,0.0,Mounted baseline from manual BOM: Clean Air System.pdf,2026-03-09 18:56:44
TOWER MODULE 5 ASSY PREFORM,Part,Clean Air System,380081A,Mounted,MOUNTED,1.0,0.0,Mounted baseline from manual BOM: Clean Air System.pdf,2026-03-09 18:56:44
CLEAN AIR FILTERS X 3,Part,Clean Air System,380120A,Mounted,MOUNTED,1.0,0.0,Mounted baseline from manual BOM: Clean Air System.pdf,2026-03-09 18:56:44
PREFORM DRIVE ASSEMBLY,Part,Clean Air System,380121A,Mounted,MOUNTED,1.0,0.0,Mounted baseline from manual BOM: Clean Air System.pdf,2026-03-09 18:56:44
12.5m TOWER DUCTING ASSY,Part,Clean Air System,380422A,Mounted,MOUNTED,1.0,0.0,Mounted baseline from manual BOM: Clean Air System.pdf,2026-03-09 18:56:44
LAR,Part,Clean Air System,12500,Mounted,MOUNTED,1885.0,0.0,Mounted baseline from manual BOM: Clean Air System.pdf,2026-03-09 18:56:44
150mm DIA FLAT BOTTOM PULLEY,Part,Guide Pulley / Tension Gauge,284665,Mounted,MOUNTED,1.0,0.0,Mounted baseline from manual BOM: Guide Pulley & Tension Gauge.pdf,2026-03-09 18:56:44
SPACER,Part,Guide Pulley / Tension Gauge,284890,Mounted,MOUNTED,2.0,0.0,Mounted baseline from manual BOM: Guide Pulley & Tension Gauge.pdf,2026-03-09 18:56:44
STOP BLOCK,Part,Guide Pulley / Tension Gauge,284892,Mounted,MOUNTED,1.0,0.0,Mounted baseline from manual BOM: Guide Pulley & Tension Gauge.pdf,2026-03-09 18:56:44
MOUNTING PLATE,Part,Guide Pulley / Tension Gauge,284893,Mounted,MOUNTED,1.0,0.0,Mounted baseline from manual BOM: Guide Pulley & Tension Gauge.pdf,2026-03-09 18:56:44
END PLATE,Part,Guide Pulley / Tension Gauge,284894,Mounted,MOUNTED,1.0,0.0,Mounted baseline from manual BOM: Guide Pulley & Tension Gauge.pdf,2026-03-09 18:56:44
BRACKET - SEL SWITCH,Part,Guide Pulley / Tension Gauge,284895,Mounted,MOUNTED,1.0,0.0,Mounted baseline from manual BOM: Guide Pulley & Tension Gauge.pdf,2026-03-09 18:56:44
M10 SPECIAL WASHER,Part,Guide Pulley / Tension Gauge,284995,Mounted,MOUNTED,1.0,0.0,Mounted baseline from manual BOM: Guide Pulley & Tension Gauge.pdf,2026-03-09 18:56:44
BASEPLATE,Part,Guide Pulley / Tension Gauge,286040,Mounted,MOUNTED,1.0,0.0,Mounted baseline from manual BOM: Guide Pulley & Tension Gauge.pdf,2026-03-09 18:56:44
DAMPER NUT M12X1,Part,Guide Pulley / Tension Gauge,H04517,Mounted,MOUNTED,1.0,0.0,Mounted baseline from manual BOM: Guide Pulley & Tension Gauge.pdf,2026-03-09 18:56:44
ACE SHOCK ABSORBER,Part,Guide Pulley / Tension Gauge,H04519,Mounted,MOUNTED,1.0,0.0,Mounted baseline from manual BOM: Guide Pulley & Tension Gauge.pdf,2026-03-09 18:56:44
POINTING PLATE,Part,Guide Pulley / Tension Gauge,H04520,Mounted,MOUNTED,1.0,0.0,Mounted baseline from manual BOM: Guide Pulley & Tension Gauge.pdf,2026-03-09 18:56:44
SCALE PLATE 200MM,Part,Guide Pulley / Tension Gauge,H04521,Mounted,MOUNTED,1.0,0.0,Mounted baseline from manual BOM: Guide Pulley & Tension Gauge.pdf,2026-03-09 18:56:44
HxCpHd M6x12 S/S,Part,Guide Pulley / Tension Gauge,K00067,Mounted,MOUNTED,7.0,0.0,Mounted baseline from manual BOM: Guide Pulley & Tension Gauge.pdf,2026-03-09 18:56:44
HxCpHd M6x20 S/S,Part,Guide Pulley / Tension Gauge,K00086,Mounted,MOUNTED,2.0,0.0,Mounted baseline from manual BOM: Guide Pulley & Tension Gauge.pdf,2026-03-09 18:56:44
PnHd M3 x 8 S/S,Part,Guide Pulley / Tension Gauge,K00096,Mounted,MOUNTED,2.0,0.0,Mounted baseline from manual BOM: Guide Pulley & Tension Gauge.pdf,2026-03-09 18:56:44
HxCpHd M4x16 S/S,Part,Guide Pulley / Tension Gauge,K00482,Mounted,MOUNTED,6.0,0.0,Mounted baseline from manual BOM: Guide Pulley & Tension Gauge.pdf,2026-03-09 18:56:44
M5 TO 4MM PUSH IN,Part,Guide Pulley / Tension Gauge,P03736,Mounted,MOUNTED,2.0,0.0,Mounted baseline from manual BOM: Guide Pulley & Tension Gauge.pdf,2026-03-09 18:56:44
PUSH IN FITTING 6mm TUBE TO M5,Part,Guide Pulley / Tension Gauge,P03752,Mounted,MOUNTED,4.0,0.0,Mounted baseline from manual BOM: Guide Pulley & Tension Gauge.pdf,2026-03-09 18:56:44
DMF12 GUIDED DRIVE,Part,Guide Pulley / Tension Gauge,R00125,Mounted,MOUNTED,1.0,0.0,Mounted baseline from manual BOM: Guide Pulley & Tension Gauge.pdf,2026-03-09 18:56:44
5/2 VALVE PANEL MOUNT,Part,Guide Pulley / Tension Gauge,V01486,Mounted,MOUNTED,1.0,0.0,Mounted baseline from manual BOM: Guide Pulley & Tension Gauge.pdf,2026-03-09 18:56:44
ACTUATOR - SELECT SW,Part,Guide Pulley / Tension Gauge,V01487,Mounted,MOUNTED,1.0,0.0,Mounted baseline from manual BOM: Guide Pulley & Tension Gauge.pdf,2026-03-09 18:56:44
ONE WAY FLOW CTRL VALVE,Part,Guide Pulley / Tension Gauge,V01535,Mounted,MOUNTED,2.0,0.0,Mounted baseline from manual BOM: Guide Pulley & Tension Gauge.pdf,2026-03-09 18:56:44
MOUNTING BRACKET,Part,Capstan System,380820,Mounted,MOUNTED,1.0,0.0,Mounted baseline from manual BOM: Mini Capstan.pdf,2026-03-09 18:56:44
HxCpHd M4x8 S/S,Part,Capstan System,K00621,Mounted,MOUNTED,5.0,0.0,Mounted baseline from manual BOM: Mini Capstan.pdf,2026-03-09 18:56:44
PULLEY MOUNTING BLOCK,Part,Take Up Winder,187545,Mounted,MOUNTED,1.0,0.0,Mounted baseline from manual BOM: Take Up Winder.pdf,2026-03-09 18:56:44
COLLAR,Part,Take Up Winder,188760,Mounted,MOUNTED,1.0,0.0,Mounted baseline from manual BOM: Take Up Winder.pdf,2026-03-09 18:56:44
RETAINING WASHER,Part,Take Up Winder,188761,Mounted,MOUNTED,1.0,0.0,Mounted baseline from manual BOM: Take Up Winder.pdf,2026-03-09 18:56:44
FOOT PLATE,Part,Take Up Winder,284531,Mounted,MOUNTED,1.0,0.0,Mounted baseline from manual BOM: Take Up Winder.pdf,2026-03-09 18:56:44
MOUNTING BRACKET,Part,Take Up Winder,284532,Mounted,MOUNTED,1.0,0.0,Mounted baseline from manual BOM: Take Up Winder.pdf,2026-03-09 18:56:44
MOUNTING BRACKET - MICROSWITCH,Part,Take Up Winder,284533,Mounted,MOUNTED,1.0,0.0,Mounted baseline from manual BOM: Take Up Winder.pdf,2026-03-09 18:56:44
M2 RECT CLAMP WASHER,Part,Take Up Winder,284534,Mounted,MOUNTED,1.0,0.0,Mounted baseline from manual BOM: Take Up Winder.pdf,2026-03-09 18:56:44
NODDING ARM,Part,Take Up Winder,284536,Mounted,MOUNTED,1.0,0.0,Mounted baseline from manual BOM: Take Up Winder.pdf,2026-03-09 18:56:44
HOLDER - NODDING ARM,Part,Take Up Winder,284537,Mounted,MOUNTED,1.0,0.0,Mounted baseline from manual BOM: Take Up Winder.pdf,2026-03-09 18:56:44
POTENTIOMETER COVER,Part,Take Up Winder,284538,Mounted,MOUNTED,1.0,0.0,Mounted baseline from manual BOM: Take Up Winder.pdf,2026-03-09 18:56:44
SPINDLE - GUIDE PULLEY,Part,Take Up Winder,284539,Mounted,MOUNTED,1.0,0.0,Mounted baseline from manual BOM: Take Up Winder.pdf,2026-03-09 18:56:44
CLAMP PLATE,Part,Take Up Winder,284562,Mounted,MOUNTED,1.0,0.0,Mounted baseline from manual BOM: Take Up Winder.pdf,2026-03-09 18:56:44
EXTRUSION 45X45X1250,Part,Take Up Winder,286061,Mounted,MOUNTED,1.0,0.0,Mounted baseline from manual BOM: Take Up Winder.pdf,2026-03-09 18:56:44
BEARING SPLINDLE,Part,Take Up Winder,286085,Mounted,MOUNTED,1.0,0.0,Mounted baseline from manual BOM: Take Up Winder.pdf,2026-03-09 18:56:44
BEARING RETAINING CAP,Part,Take Up Winder,286086,Mounted,MOUNTED,1.0,0.0,Mounted baseline from manual BOM: Take Up Winder.pdf,2026-03-09 18:56:44
WEIGHT RECTANGULAR,Part,Take Up Winder,286087,Mounted,MOUNTED,1.0,0.0,Mounted baseline from manual BOM: Take Up Winder.pdf,2026-03-09 18:56:44
SPINDLE 10MM,Part,Take Up Winder,286093,Mounted,MOUNTED,1.0,0.0,Mounted baseline from manual BOM: Take Up Winder.pdf,2026-03-09 18:56:44
BEARING HOUSING (LH FEED) NODDING DANCER,Part,Take Up Winder,380962,Mounted,MOUNTED,1.0,0.0,Mounted baseline from manual BOM: Take Up Winder.pdf,2026-03-09 18:56:44
StScr-M3x5 S/S,Part,Take Up Winder,A00026,Mounted,MOUNTED,3.0,0.0,Mounted baseline from manual BOM: Take Up Winder.pdf,2026-03-09 18:56:44
Bearing 4x13x5,Part,Take Up Winder,B00050,Mounted,MOUNTED,1.0,0.0,Mounted baseline from manual BOM: Take Up Winder.pdf,2026-03-09 18:56:44
Bearing 4x16x5,Part,Take Up Winder,B00052,Mounted,MOUNTED,1.0,0.0,Mounted baseline from manual BOM: Take Up Winder.pdf,2026-03-09 18:56:44
C-CLIP 4 S/S,Part,Take Up Winder,H00073,Mounted,MOUNTED,2.0,0.0,Mounted baseline from manual BOM: Take Up Winder.pdf,2026-03-09 18:56:44
VEE GROOVE PULLEY 150 DIA,Part,Take Up Winder,H04476,Mounted,MOUNTED,2.0,0.0,Mounted baseline from manual BOM: Take Up Winder.pdf,2026-03-09 18:56:44
45X45 CORNER BRACKET,Part,Take Up Winder,H04478,Mounted,MOUNTED,4.0,0.0,Mounted baseline from manual BOM: Take Up Winder.pdf,2026-03-09 18:56:44
45X45 ELBOW CAP,Part,Take Up Winder,H04479,Mounted,MOUNTED,4.0,0.0,Mounted baseline from manual BOM: Take Up Winder.pdf,2026-03-09 18:56:44
10MM COVER PROFILE,Part,Take Up Winder,H04480,Mounted,MOUNTED,3.0,0.0,Mounted baseline from manual BOM: Take Up Winder.pdf,2026-03-09 18:56:44
45X45 END CAP,Part,Take Up Winder,H04481,Mounted,MOUNTED,1.0,0.0,Mounted baseline from manual BOM: Take Up Winder.pdf,2026-03-09 18:56:44
T-NUT M5 10MM,Part,Take Up Winder,H04482,Mounted,MOUNTED,2.0,0.0,Mounted baseline from manual BOM: Take Up Winder.pdf,2026-03-09 18:56:44
M6 T-NUT 10MM,Part,Take Up Winder,H04483,Mounted,MOUNTED,6.0,0.0,Mounted baseline from manual BOM: Take Up Winder.pdf,2026-03-09 18:56:44
HxNut M10 S/S,Part,Take Up Winder,H04534,Mounted,MOUNTED,2.0,0.0,Mounted baseline from manual BOM: Take Up Winder.pdf,2026-03-09 18:56:44
BOX 85x56x39,Part,Take Up Winder,H05442,Mounted,MOUNTED,1.0,0.0,Mounted baseline from manual BOM: Take Up Winder.pdf,2026-03-09 18:56:44
HxCpHd M6x16 S/S,Part,Take Up Winder,K00164,Mounted,MOUNTED,4.0,0.0,Mounted baseline from manual BOM: Take Up Winder.pdf,2026-03-09 18:56:44
CskSlt M3x8 S/S,Part,Take Up Winder,K00190,Mounted,MOUNTED,2.0,0.0,Mounted baseline from manual BOM: Take Up Winder.pdf,2026-03-09 18:56:44
HxCpHd M5x12 S/S,Part,Take Up Winder,K00409,Mounted,MOUNTED,2.0,0.0,Mounted baseline from manual BOM: Take Up Winder.pdf,2026-03-09 18:56:44
StScr-M4x6 S/S,Part,Take Up Winder,K00558,Mounted,MOUNTED,1.0,0.0,Mounted baseline from manual BOM: Take Up Winder.pdf,2026-03-09 18:56:44
HxCpHd M2x10 S/S,Part,Take Up Winder,K00581,Mounted,MOUNTED,2.0,0.0,Mounted baseline from manual BOM: Take Up Winder.pdf,2026-03-09 18:56:44
HxCpHd M3x10 S/S,Part,Take Up Winder,K00635,Mounted,MOUNTED,8.0,0.0,Mounted baseline from manual BOM: Take Up Winder.pdf,2026-03-09 18:56:44
HxNut M14 S/S,Part,Take Up Winder,K03064,Mounted,MOUNTED,1.0,0.0,Mounted baseline from manual BOM: Take Up Winder.pdf,2026-03-09 18:56:44
IONISING BAR BRACKET,Part,Take Up Winder,380310,Mounted,MOUNTED,1.0,0.0,Mounted baseline from manual BOM: Take Up Winder.pdf,2026-03-09 18:56:44
T-SLOT NUT 10mm M8,Part,Take Up Winder,H05162,Mounted,MOUNTED,8.0,0.0,Mounted baseline from manual BOM: Take Up Winder.pdf,2026-03-09 18:56:44
GEARBOX MOUNTING BLOCK,Part,Take Up Winder,287948,Mounted,MOUNTED,1.0,0.0,Mounted baseline from manual BOM: Take Up Winder.pdf,2026-03-09 18:56:44
WINDER WITH COVER,Part,Take Up Winder,380246A,Mounted,MOUNTED,1.0,0.0,Mounted baseline from manual BOM: Take Up Winder.pdf,2026-03-09 18:56:44
MAIN WINDER BODY ASSY,Part,Take Up Winder,380254A,Mounted,MOUNTED,1.0,0.0,Mounted baseline from manual BOM: Take Up Winder.pdf,2026-03-09 18:56:44
WINDER MOTOR DRAG CHAIN REST,Part,Take Up Winder,380276,Mounted,MOUNTED,1.0,0.0,Mounted baseline from manual BOM: Take Up Winder.pdf,2026-03-09 18:56:44
WINDER REAR MOTOR COVER,Part,Take Up Winder,380277,Mounted,MOUNTED,1.0,0.0,Mounted baseline from manual BOM: Take Up Winder.pdf,2026-03-09 18:56:44
ROCKWELL MOTOR,Part,Take Up Winder,D00513,Mounted,MOUNTED,1.0,0.0,Mounted baseline from manual BOM: Take Up Winder.pdf,2026-03-09 18:56:44
GEARBOX 100:1 REDUCTION RATIO - KEYED SHAFT,Part,Take Up Winder,D00572,Mounted,MOUNTED,1.0,0.0,Mounted baseline from manual BOM: Take Up Winder.pdf,2026-03-09 18:56:44
CLAMPING PINTLE1,Part,Take Up Winder,H04370,Mounted,MOUNTED,1.0,0.0,Mounted baseline from manual BOM: Take Up Winder.pdf,2026-03-09 18:56:44
FIXED PINTLE1,Part,Take Up Winder,H04371,Mounted,MOUNTED,1.0,0.0,Mounted baseline from manual BOM: Take Up Winder.pdf,2026-03-09 18:56:44
PROFILE MOUNT,Part,Take Up Winder,H04976,Mounted,MOUNTED,4.0,0.0,Mounted baseline from manual BOM: Take Up Winder.pdf,2026-03-09 18:56:44
M6 SLOT NUT,Part,Take Up Winder,H04977,Mounted,MOUNTED,4.0,0.0,Mounted baseline from manual BOM: Take Up Winder.pdf,2026-03-09 18:56:44
ELC COUPLING,Part,Take Up Winder,H04978,Mounted,MOUNTED,1.0,0.0,Mounted baseline from manual BOM: Take Up Winder.pdf,2026-03-09 18:56:44
ENERGY CHAIN BRAKET SET,Part,Take Up Winder,H04980,Mounted,MOUNTED,1.0,0.0,Mounted baseline from manual BOM: Take Up Winder.pdf,2026-03-09 18:56:44
PROXIMITY SWITCH LUG,Part,Take Up Winder,H05002,Mounted,MOUNTED,1.0,0.0,Mounted baseline from manual BOM: Take Up Winder.pdf,2026-03-09 18:56:44
ENERGY CHAIN 30 X 15 X 360 LONG,Part,Take Up Winder,H05347,Mounted,MOUNTED,1.0,0.0,Mounted baseline from manual BOM: Take Up Winder.pdf,2026-03-09 18:56:44
HxCpHd M5x10 S/S,Part,Take Up Winder,K00484,Mounted,MOUNTED,2.0,0.0,Mounted baseline from manual BOM: Take Up Winder.pdf,2026-03-09 18:56:44
HxCpHd M3x12 S/S,Part,Take Up Winder,K00957,Mounted,MOUNTED,2.0,0.0,Mounted baseline from manual BOM: Take Up Winder.pdf,2026-03-09 18:56:44
SPINDLE AXIS 350mm TRAVEL,Part,Take Up Winder,L00071,Mounted,MOUNTED,1.0,0.0,Mounted baseline from manual BOM: Take Up Winder.pdf,2026-03-09 18:56:44
SPACER,Part,Take Up Winder,286239,Mounted,MOUNTED,1.0,0.0,Mounted baseline from manual BOM: Take Up Winder.pdf,2026-03-09 18:56:44
EUROMASTER CATCH BLOCK,Part,Take Up Winder,289508,Mounted,MOUNTED,1.0,0.0,Mounted baseline from manual BOM: Take Up Winder.pdf,2026-03-09 18:56:44
20x20x71 EXTRUSION,Part,Take Up Winder,380265,Mounted,MOUNTED,1.0,0.0,Mounted baseline from manual BOM: Take Up Winder.pdf,2026-03-09 18:56:44
20x20x418 EXTRUSION,Part,Take Up Winder,380266,Mounted,MOUNTED,1.0,0.0,Mounted baseline from manual BOM: Take Up Winder.pdf,2026-03-09 18:56:44
20x20x398 EXTRUSION,Part,Take Up Winder,380267,Mounted,MOUNTED,1.0,0.0,Mounted baseline from manual BOM: Take Up Winder.pdf,2026-03-09 18:56:44
20x20x418 EXTRUSION WITH HOLES FOR HANDLE,Part,Take Up Winder,380268,Mounted,MOUNTED,1.0,0.0,Mounted baseline from manual BOM: Take Up Winder.pdf,2026-03-09 18:56:44
20x20x487 EXTRUSION,Part,Take Up Winder,380269,Mounted,MOUNTED,2.0,0.0,Mounted baseline from manual BOM: Take Up Winder.pdf,2026-03-09 18:56:44
20x20x520 EXTRUSION,Part,Take Up Winder,380270,Mounted,MOUNTED,1.0,0.0,Mounted baseline from manual BOM: Take Up Winder.pdf,2026-03-09 18:56:44
20x20x500 EXTRUSION 2 GROOVE,Part,Take Up Winder,380271,Mounted,MOUNTED,2.0,0.0,Mounted baseline from manual BOM: Take Up Winder.pdf,2026-03-09 18:56:44
20x20x487 EXTRUSION 3 GROOVE,Part,Take Up Winder,380272,Mounted,MOUNTED,1.0,0.0,Mounted baseline from manual BOM: Take Up Winder.pdf,2026-03-09 18:56:44
TOP WINDOW PANEL 510x408,Part,Take Up Winder,380273,Mounted,MOUNTED,1.0,0.0,Mounted baseline from manual BOM: Take Up Winder.pdf,2026-03-09 18:56:44
SIDE WINDOW PANEL 497x408,Part,Take Up Winder,380274,Mounted,MOUNTED,1.0,0.0,Mounted baseline from manual BOM: Take Up Winder.pdf,2026-03-09 18:56:44
WINDER END WINDOW PANEL 510x497,Part,Take Up Winder,380275,Mounted,MOUNTED,1.0,0.0,Mounted baseline from manual BOM: Take Up Winder.pdf,2026-03-09 18:56:44
CORE SCREW T25,Part,Take Up Winder,H04378,Mounted,MOUNTED,3.0,0.0,Mounted baseline from manual BOM: Take Up Winder.pdf,2026-03-09 18:56:44
RUBBER BUMP STOP,Part,Take Up Winder,H04527,Mounted,MOUNTED,1.0,0.0,Mounted baseline from manual BOM: Take Up Winder.pdf,2026-03-09 18:56:44
M4 TEE NUT 6mm GROOVE,Part,Take Up Winder,H04621,Mounted,MOUNTED,6.0,0.0,Mounted baseline from manual BOM: Take Up Winder.pdf,2026-03-09 18:56:44
END CAP 20X20,Part,Take Up Winder,H04624,Mounted,MOUNTED,3.0,0.0,Mounted baseline from manual BOM: Take Up Winder.pdf,2026-03-09 18:56:44
M5 TEE NUT 6mm GROOVE,Part,Take Up Winder,H04637,Mounted,MOUNTED,16.0,0.0,Mounted baseline from manual BOM: Take Up Winder.pdf,2026-03-09 18:56:44
HANDLE,Part,Take Up Winder,H04726,Mounted,MOUNTED,1.0,0.0,Mounted baseline from manual BOM: Take Up Winder.pdf,2026-03-09 18:56:44
CORNER JOINT,Part,Take Up Winder,H04727,Mounted,MOUNTED,4.0,0.0,Mounted baseline from manual BOM: Take Up Winder.pdf,2026-03-09 18:56:44
CORNER COVER,Part,Take Up Winder,H04728,Mounted,MOUNTED,4.0,0.0,Mounted baseline from manual BOM: Take Up Winder.pdf,2026-03-09 18:56:44
CORNER BRACKET,Part,Take Up Winder,H04729,Mounted,MOUNTED,4.0,0.0,Mounted baseline from manual BOM: Take Up Winder.pdf,2026-03-09 18:56:44
CORNER COVER,Part,Take Up Winder,H04730,Mounted,MOUNTED,4.0,0.0,Mounted baseline from manual BOM: Take Up Winder.pdf,2026-03-09 18:56:44
HINGE,Part,Take Up Winder,H04731,Mounted,MOUNTED,6.0,0.0,Mounted baseline from manual BOM: Take Up Winder.pdf,2026-03-09 18:56:44
20x20 AL EX 90 DEG ANGLE BRACKET,Part,Take Up Winder,H05346,Mounted,MOUNTED,2.0,0.0,Mounted baseline from manual BOM: Take Up Winder.pdf,2026-03-09 18:56:44
*Varies*,Part,Take Up Winder,K00061,Mounted,MOUNTED,16.0,0.0,Mounted baseline from manual BOM: Take Up Winder.pdf,2026-03-09 18:56:44
M5x25 SKT CAP SCREW S/S,Part,Take Up Winder,K00282,Mounted,MOUNTED,2.0,0.0,Mounted baseline from manual BOM: Take Up Winder.pdf,2026-03-09 18:56:44
M5x20 CSK SLOT S/S,Part,Take Up Winder,K00429,Mounted,MOUNTED,2.0,0.0,Mounted baseline from manual BOM: Take Up Winder.pdf,2026-03-09 18:56:44
DRAG CHAIN BRACKET,Part,Take Up Winder,288890,Mounted,MOUNTED,1.0,0.0,Mounted baseline from manual BOM: Take Up Winder.pdf,2026-03-09 18:56:44
SPACER TUBE,Part,Take Up Winder,288915,Mounted,MOUNTED,4.0,0.0,Mounted baseline from manual BOM: Take Up Winder.pdf,2026-03-09 18:56:44
NYLON BLOCK,Part,Take Up Winder,288921,Mounted,MOUNTED,1.0,0.0,Mounted baseline from manual BOM: Take Up Winder.pdf,2026-03-09 18:56:44
WINDER BASE PLATE,Part,Take Up Winder,380255,Mounted,MOUNTED,1.0,0.0,Mounted baseline from manual BOM: Take Up Winder.pdf,2026-03-09 18:56:44
WINDER BACK PLATE,Part,Take Up Winder,380256,Mounted,MOUNTED,1.0,0.0,Mounted baseline from manual BOM: Take Up Winder.pdf,2026-03-09 18:56:44
WINDER BODY BACK WEB,Part,Take Up Winder,380257,Mounted,MOUNTED,2.0,0.0,Mounted baseline from manual BOM: Take Up Winder.pdf,2026-03-09 18:56:44
WINDER BODY FRONT WEB,Part,Take Up Winder,380258,Mounted,MOUNTED,2.0,0.0,Mounted baseline from manual BOM: Take Up Winder.pdf,2026-03-09 18:56:44
WINDER BACK COVER,Part,Take Up Winder,380259,Mounted,MOUNTED,1.0,0.0,Mounted baseline from manual BOM: Take Up Winder.pdf,2026-03-09 18:56:44
WINDER MOTOR COVER,Part,Take Up Winder,380260,Mounted,MOUNTED,1.0,0.0,Mounted baseline from manual BOM: Take Up Winder.pdf,2026-03-09 18:56:44
WINDER GUARD ASSY,Part,Take Up Winder,380261A,Mounted,MOUNTED,1.0,0.0,Mounted baseline from manual BOM: Take Up Winder.pdf,2026-03-09 18:56:44
MOTOR MOUNTING PLATE,Part,Take Up Winder,380262,Mounted,MOUNTED,1.0,0.0,Mounted baseline from manual BOM: Take Up Winder.pdf,2026-03-09 18:56:44
CLUTCH MOUNT PLATE,Part,Take Up Winder,380263,Mounted,MOUNTED,1.0,0.0,Mounted baseline from manual BOM: Take Up Winder.pdf,2026-03-09 18:56:44
BEARING HOUSING 20mm BEARING ID,Part,Take Up Winder,B01236,Mounted,MOUNTED,1.0,0.0,Mounted baseline from manual BOM: Take Up Winder.pdf,2026-03-09 18:56:44
20mm SHAFT 570L,Part,Take Up Winder,B01237,Mounted,MOUNTED,1.0,0.0,Mounted baseline from manual BOM: Take Up Winder.pdf,2026-03-09 18:56:44
ELECTRONIC CLUTCH,Part,Take Up Winder,D00525,Mounted,MOUNTED,1.0,0.0,Mounted baseline from manual BOM: Take Up Winder.pdf,2026-03-09 18:56:44
MOTOR MPL-A1530U-EJ72AA,Part,Take Up Winder,D00586,Mounted,MOUNTED,1.0,0.0,Mounted baseline from manual BOM: Take Up Winder.pdf,2026-03-09 18:56:44
GEARBOX 7:1 REDUCTION RATIO - KEYED SHAFT,Part,Take Up Winder,D00603,Mounted,MOUNTED,1.0,0.0,Mounted baseline from manual BOM: Take Up Winder.pdf,2026-03-09 18:56:44
WINDER CLUTCH PULLEY,Part,Take Up Winder,G00530,Mounted,MOUNTED,1.0,0.0,Mounted baseline from manual BOM: Take Up Winder.pdf,2026-03-09 18:56:44
TIMING BELT - 890mm L,Part,Take Up Winder,G00557,Mounted,MOUNTED,1.0,0.0,Mounted baseline from manual BOM: Take Up Winder.pdf,2026-03-09 18:56:44
PULLEY 42 TEETH 28mm BORE,Part,Take Up Winder,G00558,Mounted,MOUNTED,1.0,0.0,Mounted baseline from manual BOM: Take Up Winder.pdf,2026-03-09 18:56:44
LOCKING BUSH 20mm X 28mm,Part,Take Up Winder,H05210,Mounted,MOUNTED,1.0,0.0,Mounted baseline from manual BOM: Take Up Winder.pdf,2026-03-09 18:56:44
SHAFT COLLAR 20mm ID,Part,Take Up Winder,H05344,Mounted,MOUNTED,2.0,0.0,Mounted baseline from manual BOM: Take Up Winder.pdf,2026-03-09 18:56:44
SHAFT BEARING SPACER,Part,Take Up Winder,H05345,Mounted,MOUNTED,2.0,0.0,Mounted baseline from manual BOM: Take Up Winder.pdf,2026-03-09 18:56:44
HxCpHd M5x95 S/S,Part,Take Up Winder,K03044,Mounted,MOUNTED,4.0,0.0,Mounted baseline from manual BOM: Take Up Winder.pdf,2026-03-09 18:56:44
STAND COVER,Part,Take Up Winder,380247,Mounted,MOUNTED,1.0,0.0,Mounted baseline from manual BOM: Take Up Winder.pdf,2026-03-09 18:56:44
STAND CROSS BEAM,Part,Take Up Winder,380248,Mounted,MOUNTED,2.0,0.0,Mounted baseline from manual BOM: Take Up Winder.pdf,2026-03-09 18:56:44
STAND LEG,Part,Take Up Winder,380249,Mounted,MOUNTED,4.0,0.0,Mounted baseline from manual BOM: Take Up Winder.pdf,2026-03-09 18:56:44
STAND CROSS SUPPORT SHORT,Part,Take Up Winder,380250,Mounted,MOUNTED,4.0,0.0,Mounted baseline from manual BOM: Take Up Winder.pdf,2026-03-09 18:56:44
STAND CROSS SUPPORT LONG,Part,Take Up Winder,380251,Mounted,MOUNTED,2.0,0.0,Mounted baseline from manual BOM: Take Up Winder.pdf,2026-03-09 18:56:44
STAND CROSS SUPPORT LONG TOP,Part,Take Up Winder,380253,Mounted,MOUNTED,2.0,0.0,Mounted baseline from manual BOM: Take Up Winder.pdf,2026-03-09 18:56:44
S12x30 CORE SCREW,Part,Take Up Winder,H05055,Mounted,MOUNTED,16.0,0.0,Mounted baseline from manual BOM: Take Up Winder.pdf,2026-03-09 18:56:44
40x40 CORNER BRACKET & FIXINGS,Part,Take Up Winder,H05340,Mounted,MOUNTED,4.0,0.0,Mounted baseline from manual BOM: Take Up Winder.pdf,2026-03-09 18:56:44
40x40 CORNER BRACKET CAP SQUARE,Part,Take Up Winder,H05341,Mounted,MOUNTED,4.0,0.0,Mounted baseline from manual BOM: Take Up Winder.pdf,2026-03-09 18:56:44
M12 ADJUSTABLE FOOT,Part,Take Up Winder,H05342,Mounted,MOUNTED,4.0,0.0,Mounted baseline from manual BOM: Take Up Winder.pdf,2026-03-09 18:56:44
T NUT 10mm SLOT M5,Part,Take Up Winder,H05343,Mounted,MOUNTED,8.0,0.0,Mounted baseline from manual BOM: Take Up Winder.pdf,2026-03-09 18:56:44
PnHd M5 x 16 S/S,Part,Take Up Winder,K00258,Mounted,MOUNTED,8.0,0.0,Mounted baseline from manual BOM: Take Up Winder.pdf,2026-03-09 18:56:44
"6mm PLAIN WASHER - LGE, S/S",Part,Take Up Winder,K02923,Mounted,MOUNTED,8.0,0.0,Mounted baseline from manual BOM: Take Up Winder.pdf,2026-03-09 18:56:44
ROLLER MOUNTING ASSEMBLY,Part,Take Up Winder,287576A,Mounted,MOUNTED,1.0,0.0,Mounted baseline from manual BOM: Take Up Winder.pdf,2026-03-09 18:56:44
ADJUSTABLE PULLEY GUIDE STAND,Part,Take Up Winder,380172A,Mounted,MOUNTED,1.0,0.0,Mounted baseline from manual BOM: Take Up Winder.pdf,2026-03-09 18:56:44
WINDER WITH COVER,Part,Take Up Winder,380264A,Mounted,MOUNTED,1.0,0.0,Mounted baseline from manual BOM: Take Up Winder.pdf,2026-03-09 18:56:44
IONISING BAR BRACKET ASSY,Part,Take Up Winder,380309A,Mounted,MOUNTED,1.0,0.0,Mounted baseline from manual BOM: Take Up Winder.pdf,2026-03-09 18:56:44
DANCER ASSEMBLY,Part,Take Up Winder,380963A,Mounted,MOUNTED,1.0,0.0,Mounted baseline from manual BOM: Take Up Winder.pdf,2026-03-09 18:56:44
EXTRUSION 45X45X1100,Part,Take Up Winder,286060,Mounted,MOUNTED,1.0,0.0,Mounted baseline from manual BOM: Take Up Winder.pdf,2026-03-09 18:56:44
ADJUSTABLE PULLEY MOUNTING BLOCK,Part,Take Up Winder,380173,Mounted,MOUNTED,1.0,0.0,Mounted baseline from manual BOM: Take Up Winder.pdf,2026-03-09 18:56:44
SPACER COLLAR,Part,Take Up Winder,282894,Mounted,MOUNTED,2.0,0.0,Mounted baseline from manual BOM: Take Up Winder.pdf,2026-03-09 18:56:44
75mm LONG ROLLER ASSEMBLY,Part,Take Up Winder,287573A,Mounted,MOUNTED,2.0,0.0,Mounted baseline from manual BOM: Take Up Winder.pdf,2026-03-09 18:56:44
ROLLER GUIDE MOUNT PLATE,Part,Take Up Winder,287577,Mounted,MOUNTED,1.0,0.0,Mounted baseline from manual BOM: Take Up Winder.pdf,2026-03-09 18:56:44
SLEEVE PIN,Part,Take Up Winder,287578,Mounted,MOUNTED,2.0,0.0,Mounted baseline from manual BOM: Take Up Winder.pdf,2026-03-09 18:56:44
ROLLER JOINING BLOCK,Part,Take Up Winder,287579,Mounted,MOUNTED,1.0,0.0,Mounted baseline from manual BOM: Take Up Winder.pdf,2026-03-09 18:56:44
ROLLER PIVOT STRIP,Part,Take Up Winder,287580,Mounted,MOUNTED,1.0,0.0,Mounted baseline from manual BOM: Take Up Winder.pdf,2026-03-09 18:56:44
ROLLER MOUNT BLOCK,Part,Take Up Winder,287582,Mounted,MOUNTED,1.0,0.0,Mounted baseline from manual BOM: Take Up Winder.pdf,2026-03-09 18:56:44
DomeNut M4 S/S,Part,Take Up Winder,H02085,Mounted,MOUNTED,2.0,0.0,Mounted baseline from manual BOM: Take Up Winder.pdf,2026-03-09 18:56:44
Washer 4mm Std S/S,Part,Take Up Winder,K00087,Mounted,MOUNTED,12.0,0.0,Mounted baseline from manual BOM: Take Up Winder.pdf,2026-03-09 18:56:44
HxCpHd M4x25 S/S,Part,Take Up Winder,K00283,Mounted,MOUNTED,2.0,0.0,Mounted baseline from manual BOM: Take Up Winder.pdf,2026-03-09 18:56:44
FAN 23 m3/min 5500 Pa 3.3kW 400V 3PH 50Hz,Part,UV Curing System,D00613,Mounted,MOUNTED,1.0,0.0,Mounted baseline from manual BOM: Ultra Violet Curing System.pdf,2026-03-09 18:56:44
FAN 28 m3/min 1000 Pa 0.5kW 400V 3PH 50Hz,Part,UV Curing System,D00614,Mounted,MOUNTED,1.0,0.0,Mounted baseline from manual BOM: Ultra Violet Curing System.pdf,2026-03-09 18:56:44
UV LAMP MTG & FUME EXTRACT,Part,UV Curing System,380113A,Mounted,MOUNTED,2.0,0.0,Mounted baseline from manual BOM: Ultra Violet Curing System.pdf,2026-03-09 18:56:44
U.V. LAMP COOLING FAN ASSY,Part,UV Curing System,380836A,Mounted,MOUNTED,1.0,0.0,Mounted baseline from manual BOM: Ultra Violet Curing System.pdf,2026-03-09 18:56:44
UV FUME EXTRACT ASSEMBLY,Part,UV Curing System,189081A,Mounted,MOUNTED,1.0,0.0,Mounted baseline from manual BOM: Ultra Violet Curing System.pdf,2026-03-09 18:56:44
QUARTZ LINER TUBE,Part,UV Curing System,282003,Mounted,MOUNTED,1.0,0.0,Mounted baseline from manual BOM: Ultra Violet Curing System.pdf,2026-03-09 18:56:44
LOWER SHUTTER ASSY,Part,UV Curing System,284023A,Mounted,MOUNTED,1.0,0.0,Mounted baseline from manual BOM: Ultra Violet Curing System.pdf,2026-03-09 18:56:44
EXTRUSION 50x50 x5470mm,Part,UV Curing System,285462,Mounted,MOUNTED,2.0,0.0,Mounted baseline from manual BOM: Ultra Violet Curing System.pdf,2026-03-09 18:56:44
RF DETECTOR BRACKET,Part,UV Curing System,287443,Mounted,MOUNTED,1.0,0.0,Mounted baseline from manual BOM: Ultra Violet Curing System.pdf,2026-03-09 18:56:44
SINGLE UV LAMP MOUNT ASSY RH,Part,UV Curing System,288569A,Mounted,MOUNTED,1.0,0.0,Mounted baseline from manual BOM: Ultra Violet Curing System.pdf,2026-03-09 18:56:44
SINGLE UV LAMP SUB PLATE ASSY,Part,UV Curing System,288604A,Mounted,MOUNTED,1.0,0.0,Mounted baseline from manual BOM: Ultra Violet Curing System.pdf,2026-03-09 18:56:44
UV HEAT & FUME EXTRACT ASSY,Part,UV Curing System,288611A,Mounted,MOUNTED,1.0,0.0,Mounted baseline from manual BOM: Ultra Violet Curing System.pdf,2026-03-09 18:56:44
AIR BLEED ASSEMBLY,Part,UV Curing System,288612A,Mounted,MOUNTED,1.0,0.0,Mounted baseline from manual BOM: Ultra Violet Curing System.pdf,2026-03-09 18:56:44
VAM INTAKE,Part,UV Curing System,H04404,Mounted,MOUNTED,1.0,0.0,Mounted baseline from manual BOM: Ultra Violet Curing System.pdf,2026-03-09 18:56:44
QUICK CONN 10-10 GROOVE,Part,UV Curing System,H04620,Mounted,MOUNTED,4.0,0.0,Mounted baseline from manual BOM: Ultra Violet Curing System.pdf,2026-03-09 18:56:44
INNER TUBE,Part,UV Curing System,283718,Mounted,MOUNTED,1.0,0.0,Mounted baseline from manual BOM: Ultra Violet Curing System.pdf,2026-03-09 18:56:44
OUTER TUBE - AIR BLEED,Part,UV Curing System,283719,Mounted,MOUNTED,1.0,0.0,Mounted baseline from manual BOM: Ultra Violet Curing System.pdf,2026-03-09 18:56:44
MOUNTING FIXTURE AIR BLEED,Part,UV Curing System,283720,Mounted,MOUNTED,1.0,0.0,Mounted baseline from manual BOM: Ultra Violet Curing System.pdf,2026-03-09 18:56:44
JUBILEE CLIP,Part,UV Curing System,H01706,Mounted,MOUNTED,3.0,0.0,Mounted baseline from manual BOM: Ultra Violet Curing System.pdf,2026-03-09 18:56:44
HxCpHd M5x40 S/S,Part,UV Curing System,K00438,Mounted,MOUNTED,1.0,0.0,Mounted baseline from manual BOM: Ultra Violet Curing System.pdf,2026-03-09 18:56:44
DUCTING 38mm ID,Part,UV Curing System,P02378,Mounted,MOUNTED,1.0,0.0,Mounted baseline from manual BOM: Ultra Violet Curing System.pdf,2026-03-09 18:56:44
MOUNTING PLATE - SINGLE UV LAMP,Part,UV Curing System,381494,Mounted,MOUNTED,1.0,0.0,Mounted baseline from manual BOM: Ultra Violet Curing System.pdf,2026-03-09 18:56:44
M8x25 SKT CAP SCREW S/S,Part,UV Curing System,K00882,Mounted,MOUNTED,8.0,0.0,Mounted baseline from manual BOM: Ultra Violet Curing System.pdf,2026-03-09 18:56:44
MOUNTING BRACKET,Part,Wet-on-Dry Coating System,284978,Mounted,MOUNTED,1.0,0.0,Mounted baseline from manual BOM: Wet on Dry Coating System Manual_Soreq_FINAL.pdf,2026-03-09 18:56:44
SUPPORT PLATE,Part,Wet-on-Dry Coating System,284856,Mounted,MOUNTED,1.0,0.0,Mounted baseline from manual BOM: Wet on Dry Coating System Manual_Soreq_FINAL.pdf,2026-03-09 18:56:44
ADJUSTING PLATE,Part,Wet-on-Dry Coating System,284857,Mounted,MOUNTED,1.0,0.0,Mounted baseline from manual BOM: Wet on Dry Coating System Manual_Soreq_FINAL.pdf,2026-03-09 18:56:44
RESIN DELIVERY BLOCK,Part,Wet-on-Dry Coating System,284870,Mounted,MOUNTED,1.0,0.0,Mounted baseline from manual BOM: Wet on Dry Coating System Manual_Soreq_FINAL.pdf,2026-03-09 18:56:44
VALVE BRACKET,Part,Wet-on-Dry Coating System,284871,Mounted,MOUNTED,1.0,0.0,Mounted baseline from manual BOM: Wet on Dry Coating System Manual_Soreq_FINAL.pdf,2026-03-09 18:56:44
SLIDE ASSEMBLY,Part,Wet-on-Dry Coating System,289815A,Mounted,MOUNTED,2.0,0.0,Mounted baseline from manual BOM: Wet on Dry Coating System Manual_Soreq_FINAL.pdf,2026-03-09 18:56:44
SLIDE GAUGE BRACKET SMALL,Part,Wet-on-Dry Coating System,380300,Mounted,MOUNTED,1.0,0.0,Mounted baseline from manual BOM: Wet on Dry Coating System Manual_Soreq_FINAL.pdf,2026-03-09 18:56:44
SLIDE GAUGE BRACKET LARGE,Part,Wet-on-Dry Coating System,380301,Mounted,MOUNTED,1.0,0.0,Mounted baseline from manual BOM: Wet on Dry Coating System Manual_Soreq_FINAL.pdf,2026-03-09 18:56:44
FILTER FW SERIES,Part,Wet-on-Dry Coating System,F00149,Mounted,MOUNTED,2.0,0.0,Mounted baseline from manual BOM: Wet on Dry Coating System Manual_Soreq_FINAL.pdf,2026-03-09 18:56:44
DISC SPRING SS,Part,Wet-on-Dry Coating System,H04426,Mounted,MOUNTED,18.0,0.0,Mounted baseline from manual BOM: Wet on Dry Coating System Manual_Soreq_FINAL.pdf,2026-03-09 18:56:44
METAL COLLAR SS,Part,Wet-on-Dry Coating System,H04513,Mounted,MOUNTED,4.0,0.0,Mounted baseline from manual BOM: Wet on Dry Coating System Manual_Soreq_FINAL.pdf,2026-03-09 18:56:44
SWIVEL SCREW,Part,Wet-on-Dry Coating System,H04515,Mounted,MOUNTED,3.0,0.0,Mounted baseline from manual BOM: Wet on Dry Coating System Manual_Soreq_FINAL.pdf,2026-03-09 18:56:44
T NUT M5 8 SLOT,Part,Wet-on-Dry Coating System,H04609,Mounted,MOUNTED,2.0,0.0,Mounted baseline from manual BOM: Wet on Dry Coating System Manual_Soreq_FINAL.pdf,2026-03-09 18:56:44
LOCATING PIN,Part,Wet-on-Dry Coating System,H04947,Mounted,MOUNTED,2.0,0.0,Mounted baseline from manual BOM: Wet on Dry Coating System Manual_Soreq_FINAL.pdf,2026-03-09 18:56:44
COVER BOLT,Part,Wet-on-Dry Coating System,H04948,Mounted,MOUNTED,3.0,0.0,Mounted baseline from manual BOM: Wet on Dry Coating System Manual_Soreq_FINAL.pdf,2026-03-09 18:56:44
LINEAR GAUGE,Part,Wet-on-Dry Coating System,H05349,Mounted,MOUNTED,2.0,0.0,Mounted baseline from manual BOM: Wet on Dry Coating System Manual_Soreq_FINAL.pdf,2026-03-09 18:56:44
HxCpHd M5x16 S/S,Part,Wet-on-Dry Coating System,K00053,Mounted,MOUNTED,4.0,0.0,Mounted baseline from manual BOM: Wet on Dry Coating System Manual_Soreq_FINAL.pdf,2026-03-09 18:56:44
CskSlt M4x25 S/S,Part,Wet-on-Dry Coating System,K03193,Mounted,MOUNTED,4.0,0.0,Mounted baseline from manual BOM: Wet on Dry Coating System Manual_Soreq_FINAL.pdf,2026-03-09 18:56:44
"1/4"" VCR GASKET",Part,Wet-on-Dry Coating System,P00627,Mounted,MOUNTED,6.0,0.0,Mounted baseline from manual BOM: Wet on Dry Coating System Manual_Soreq_FINAL.pdf,2026-03-09 18:56:44
"ELBOW UNION 1/4"" S/S",Part,Wet-on-Dry Coating System,P02309,Mounted,MOUNTED,1.0,0.0,Mounted baseline from manual BOM: Wet on Dry Coating System Manual_Soreq_FINAL.pdf,2026-03-09 18:56:44
REDUCING CONNECTOR,Part,Wet-on-Dry Coating System,P03304,Mounted,MOUNTED,2.0,0.0,Mounted baseline from manual BOM: Wet on Dry Coating System Manual_Soreq_FINAL.pdf,2026-03-09 18:56:44
"1/4"" TO 1/4"" COMPRESSION",Part,Wet-on-Dry Coating System,P03763,Mounted,MOUNTED,2.0,0.0,Mounted baseline from manual BOM: Wet on Dry Coating System Manual_Soreq_FINAL.pdf,2026-03-09 18:56:44
"PUSH FIT ELBOW 1/8"" 6MM",Part,Wet-on-Dry Coating System,P03804,Mounted,MOUNTED,4.0,0.0,Mounted baseline from manual BOM: Wet on Dry Coating System Manual_Soreq_FINAL.pdf,2026-03-09 18:56:44
O-RING 6.1 ID,Part,Wet-on-Dry Coating System,S00518,Mounted,MOUNTED,2.0,0.0,Mounted baseline from manual BOM: Wet on Dry Coating System Manual_Soreq_FINAL.pdf,2026-03-09 18:56:44
"1/4"" DIAPHRAM VALVE N/C",Part,Wet-on-Dry Coating System,V01560,Mounted,MOUNTED,2.0,0.0,Mounted baseline from manual BOM: Wet on Dry Coating System Manual_Soreq_FINAL.pdf,2026-03-09 18:56:44
AL. EXT 30X30X600,Part,Wet-on-Dry Coating System,286607,Mounted,MOUNTED,2.0,0.0,Mounted baseline from manual BOM: Wet on Dry Coating System Manual_Soreq_FINAL.pdf,2026-03-09 18:56:44
60x30x290 LONG AL EX,Part,Wet-on-Dry Coating System,286606,Mounted,MOUNTED,2.0,0.0,Mounted baseline from manual BOM: Wet on Dry Coating System Manual_Soreq_FINAL.pdf,2026-03-09 18:56:44
ALUMINIUM EXTRUSION - 30X30X100MM,Part,Wet-on-Dry Coating System,285798,Mounted,MOUNTED,2.0,0.0,Mounted baseline from manual BOM: Wet on Dry Coating System Manual_Soreq_FINAL.pdf,2026-03-09 18:56:44
Washer 6mm S/S,Part,Wet-on-Dry Coating System,K00313,Mounted,MOUNTED,4.0,0.0,Mounted baseline from manual BOM: Wet on Dry Coating System Manual_Soreq_FINAL.pdf,2026-03-09 18:56:44
M6x35 SKT CAP SCREW S/S,Part,Wet-on-Dry Coating System,K00279,Mounted,MOUNTED,4.0,0.0,Mounted baseline from manual BOM: Wet on Dry Coating System Manual_Soreq_FINAL.pdf,2026-03-09 18:56:44
M6 TEE NUT - 8 GRV,Part,Wet-on-Dry Coating System,H04610,Mounted,MOUNTED,8.0,0.0,Mounted baseline from manual BOM: Wet on Dry Coating System Manual_Soreq_FINAL.pdf,2026-03-09 18:56:44
Washer 8mm S/S,Part,Wet-on-Dry Coating System,K00776,Mounted,MOUNTED,6.0,0.0,Mounted baseline from manual BOM: Wet on Dry Coating System Manual_Soreq_FINAL.pdf,2026-03-09 18:56:44
M8x16 SKT CAP SCREW S/S,Part,Wet-on-Dry Coating System,K00405,Mounted,MOUNTED,6.0,0.0,Mounted baseline from manual BOM: Wet on Dry Coating System Manual_Soreq_FINAL.pdf,2026-03-09 18:56:44
M6x20 CSK SLOT S/S,Part,Wet-on-Dry Coating System,K00682,Mounted,MOUNTED,2.0,0.0,Mounted baseline from manual BOM: Wet on Dry Coating System Manual_Soreq_FINAL.pdf,2026-03-09 18:56:44
BASE PLATE,Part,Wet-on-Dry Coating System,380171,Mounted,MOUNTED,1.0,0.0,Mounted baseline from manual BOM: Wet on Dry Coating System Manual_Soreq_FINAL.pdf,2026-03-09 18:56:44
BASE - MSCOPE PILLAR,Part,Wet-on-Dry Coating System,283799,Mounted,MOUNTED,1.0,0.0,Mounted baseline from manual BOM: Wet on Dry Coating System Manual_Soreq_FINAL.pdf,2026-03-09 18:56:44
PIVOT/STOP PLATE,Part,Wet-on-Dry Coating System,283806,Mounted,MOUNTED,1.0,0.0,Mounted baseline from manual BOM: Wet on Dry Coating System Manual_Soreq_FINAL.pdf,2026-03-09 18:56:44
LONG MICROSCOPE TUBE,Part,Wet-on-Dry Coating System,380142,Mounted,MOUNTED,1.0,0.0,Mounted baseline from manual BOM: Wet on Dry Coating System Manual_Soreq_FINAL.pdf,2026-03-09 18:56:44
SHORT MICROSCOPE TUBE,Part,Wet-on-Dry Coating System,380143,Mounted,MOUNTED,1.0,0.0,Mounted baseline from manual BOM: Wet on Dry Coating System Manual_Soreq_FINAL.pdf,2026-03-09 18:56:44
MICROSCOPE BOSS,Part,Wet-on-Dry Coating System,380145,Mounted,MOUNTED,1.0,0.0,Mounted baseline from manual BOM: Wet on Dry Coating System Manual_Soreq_FINAL.pdf,2026-03-09 18:56:44
MICROSCOPE CLAMP (LARGE),Part,Wet-on-Dry Coating System,H05322,Mounted,MOUNTED,3.0,0.0,Mounted baseline from manual BOM: Wet on Dry Coating System Manual_Soreq_FINAL.pdf,2026-03-09 18:56:44
MICROSCOPE CLAMP (SMALL),Part,Wet-on-Dry Coating System,H05323,Mounted,MOUNTED,1.0,0.0,Mounted baseline from manual BOM: Wet on Dry Coating System Manual_Soreq_FINAL.pdf,2026-03-09 18:56:44
MICROSCOPE X20,Part,Wet-on-Dry Coating System,N00035,Mounted,MOUNTED,1.0,0.0,Mounted baseline from manual BOM: Wet on Dry Coating System Manual_Soreq_FINAL.pdf,2026-03-09 18:56:44
DIRECT MOUNT HOLDER,Part,Wet-on-Dry Coating System,N00043,Mounted,MOUNTED,1.0,0.0,Mounted baseline from manual BOM: Wet on Dry Coating System Manual_Soreq_FINAL.pdf,2026-03-09 18:56:44
RESIN VESSEL ASSY,Part,Wet-on-Dry Coating System,284466A,Mounted,MOUNTED,4.0,0.0,Mounted baseline from manual BOM: Wet on Dry Coating System Manual_Soreq_FINAL.pdf,2026-03-09 18:56:44
WoD CATING CART,Part,Wet-on-Dry Coating System,284876A,Mounted,MOUNTED,2.0,0.0,Mounted baseline from manual BOM: Wet on Dry Coating System Manual_Soreq_FINAL.pdf,2026-03-09 18:56:44
RESIN BOWL ASSEMBLY,Part,Wet-on-Dry Coating System,286599A,Mounted,MOUNTED,2.0,0.0,Mounted baseline from manual BOM: Wet on Dry Coating System Manual_Soreq_FINAL.pdf,2026-03-09 18:56:44
RESIN CONTROL BOX ASSY,Part,Wet-on-Dry Coating System,289112A,Mounted,MOUNTED,1.0,0.0,Mounted baseline from manual BOM: Wet on Dry Coating System Manual_Soreq_FINAL.pdf,2026-03-09 18:56:44
CONCENTRICITY MONITOR ASSEMBLY,Part,Wet-on-Dry Coating System,380114A,Mounted,MOUNTED,2.0,0.0,Mounted baseline from manual BOM: Wet on Dry Coating System Manual_Soreq_FINAL.pdf,2026-03-09 18:56:44
COATING PRESS CTRL BOX,Part,Wet-on-Dry Coating System,380134A,Mounted,MOUNTED,2.0,0.0,Mounted baseline from manual BOM: Wet on Dry Coating System Manual_Soreq_FINAL.pdf,2026-03-09 18:56:44
MICROSCOPE ASSEMBLY,Part,Wet-on-Dry Coating System,380144A,Mounted,MOUNTED,2.0,0.0,Mounted baseline from manual BOM: Wet on Dry Coating System Manual_Soreq_FINAL.pdf,2026-03-09 18:56:44
MOUNTING BRACKET ASSY RESIN DELIVERY,Part,Wet-on-Dry Coating System,380169A,Mounted,MOUNTED,2.0,0.0,Mounted baseline from manual BOM: Wet on Dry Coating System Manual_Soreq_FINAL.pdf,2026-03-09 18:56:44
RESIN DELIVERY ASSY,Part,Wet-on-Dry Coating System,380299A,Mounted,MOUNTED,2.0,0.0,Mounted baseline from manual BOM: Wet on Dry Coating System Manual_Soreq_FINAL.pdf,2026-03-09 18:56:44
RESIN BOWL RELEASE BOX,Part,Wet-on-Dry Coating System,380302A,Mounted,MOUNTED,2.0,0.0,Mounted baseline from manual BOM: Wet on Dry Coating System Manual_Soreq_FINAL.pdf,2026-03-09 18:56:44
WATER BATH ASSY,Part,Wet-on-Dry Coating System,380305A,Mounted,MOUNTED,2.0,0.0,Mounted baseline from manual BOM: Wet on Dry Coating System Manual_Soreq_FINAL.pdf,2026-03-09 18:56:44
CLAMP DISC,Part,Wet-on-Dry Coating System,186495,Mounted,MOUNTED,4.0,0.0,Mounted baseline from manual BOM: Wet on Dry Coating System Manual_Soreq_FINAL.pdf,2026-03-09 18:56:44
PILLAR,Part,Wet-on-Dry Coating System,188120,Mounted,MOUNTED,2.0,0.0,Mounted baseline from manual BOM: Wet on Dry Coating System Manual_Soreq_FINAL.pdf,2026-03-09 18:56:44
SCREEN,Part,Wet-on-Dry Coating System,188129,Mounted,MOUNTED,1.0,0.0,Mounted baseline from manual BOM: Wet on Dry Coating System Manual_Soreq_FINAL.pdf,2026-03-09 18:56:44
PIVOT,Part,Wet-on-Dry Coating System,189184,Mounted,MOUNTED,2.0,0.0,Mounted baseline from manual BOM: Wet on Dry Coating System Manual_Soreq_FINAL.pdf,2026-03-09 18:56:44
SPRING CLIP - WINDOW,Part,Wet-on-Dry Coating System,283867,Mounted,MOUNTED,4.0,0.0,Mounted baseline from manual BOM: Wet on Dry Coating System Manual_Soreq_FINAL.pdf,2026-03-09 18:56:44
MTG PLATE - SG LOGO,Part,Wet-on-Dry Coating System,285114,Mounted,MOUNTED,1.0,0.0,Mounted baseline from manual BOM: Wet on Dry Coating System Manual_Soreq_FINAL.pdf,2026-03-09 18:56:44
SUPPORT BRACKET ASSY,Part,Wet-on-Dry Coating System,285397A,Mounted,MOUNTED,1.0,0.0,Mounted baseline from manual BOM: Wet on Dry Coating System Manual_Soreq_FINAL.pdf,2026-03-09 18:56:44
POWER SUPPLY FIXING BRACKET,Part,Wet-on-Dry Coating System,288620,Mounted,MOUNTED,2.0,0.0,Mounted baseline from manual BOM: Wet on Dry Coating System Manual_Soreq_FINAL.pdf,2026-03-09 18:56:44
COVER,Part,Wet-on-Dry Coating System,289450,Mounted,MOUNTED,1.0,0.0,Mounted baseline from manual BOM: Wet on Dry Coating System Manual_Soreq_FINAL.pdf,2026-03-09 18:56:44
BACK PANEL,Part,Wet-on-Dry Coating System,289451,Mounted,MOUNTED,1.0,0.0,Mounted baseline from manual BOM: Wet on Dry Coating System Manual_Soreq_FINAL.pdf,2026-03-09 18:56:44
CONC. MONITOR BASE PLATE,Part,Wet-on-Dry Coating System,289452,Mounted,MOUNTED,1.0,0.0,Mounted baseline from manual BOM: Wet on Dry Coating System Manual_Soreq_FINAL.pdf,2026-03-09 18:56:44
CONC. MONITOR KEY BRKT,Part,Wet-on-Dry Coating System,289453,Mounted,MOUNTED,1.0,0.0,Mounted baseline from manual BOM: Wet on Dry Coating System Manual_Soreq_FINAL.pdf,2026-03-09 18:56:44
LASER MOUNT - LOW,Part,Wet-on-Dry Coating System,289509,Mounted,MOUNTED,1.0,0.0,Mounted baseline from manual BOM: Wet on Dry Coating System Manual_Soreq_FINAL.pdf,2026-03-09 18:56:44
LASER MOUNT - HIGH,Part,Wet-on-Dry Coating System,289510,Mounted,MOUNTED,1.0,0.0,Mounted baseline from manual BOM: Wet on Dry Coating System Manual_Soreq_FINAL.pdf,2026-03-09 18:56:44
PRECISION SLIT,Part,Wet-on-Dry Coating System,289521,Mounted,MOUNTED,2.0,0.0,Mounted baseline from manual BOM: Wet on Dry Coating System Manual_Soreq_FINAL.pdf,2026-03-09 18:56:44
SCREEN RETAINER (TOP),Part,Wet-on-Dry Coating System,289823,Mounted,MOUNTED,1.0,0.0,Mounted baseline from manual BOM: Wet on Dry Coating System Manual_Soreq_FINAL.pdf,2026-03-09 18:56:44
DISC SPRING,Part,Wet-on-Dry Coating System,H00260,Mounted,MOUNTED,4.0,0.0,Mounted baseline from manual BOM: Wet on Dry Coating System Manual_Soreq_FINAL.pdf,2026-03-09 18:56:44
CONCAVE CYLN LENS,Part,Wet-on-Dry Coating System,H05251,Mounted,MOUNTED,2.0,0.0,Mounted baseline from manual BOM: Wet on Dry Coating System Manual_Soreq_FINAL.pdf,2026-03-09 18:56:44
Washer 3mm Std S/S,Part,Wet-on-Dry Coating System,K00033,Mounted,MOUNTED,8.0,0.0,Mounted baseline from manual BOM: Wet on Dry Coating System Manual_Soreq_FINAL.pdf,2026-03-09 18:56:44
HxNut M3 S/S,Part,Wet-on-Dry Coating System,K00034,Mounted,MOUNTED,4.0,0.0,Mounted baseline from manual BOM: Wet on Dry Coating System Manual_Soreq_FINAL.pdf,2026-03-09 18:56:44
HxCsk M4 x 12 S/S,Part,Wet-on-Dry Coating System,K00326,Mounted,MOUNTED,2.0,0.0,Mounted baseline from manual BOM: Wet on Dry Coating System Manual_Soreq_FINAL.pdf,2026-03-09 18:56:44
PnHd M4 x 12 S/S,Part,Wet-on-Dry Coating System,K00422,Mounted,MOUNTED,4.0,0.0,Mounted baseline from manual BOM: Wet on Dry Coating System Manual_Soreq_FINAL.pdf,2026-03-09 18:56:44
HxCpHd M2x4 S/S,Part,Wet-on-Dry Coating System,K03166,Mounted,MOUNTED,4.0,0.0,Mounted baseline from manual BOM: Wet on Dry Coating System Manual_Soreq_FINAL.pdf,2026-03-09 18:56:44
Washer 2mm Std Nylon 6,Part,Wet-on-Dry Coating System,K03167,Mounted,MOUNTED,4.0,0.0,Mounted baseline from manual BOM: Wet on Dry Coating System Manual_Soreq_FINAL.pdf,2026-03-09 18:56:44
Washer 2mm Std S/S,Part,Wet-on-Dry Coating System,K03192,Mounted,MOUNTED,4.0,0.0,Mounted baseline from manual BOM: Wet on Dry Coating System Manual_Soreq_FINAL.pdf,2026-03-09 18:56:44
RED FLEXPOINT DOT LASER,Part,Wet-on-Dry Coating System,N00049,Mounted,MOUNTED,2.0,0.0,Mounted baseline from manual BOM: Wet on Dry Coating System Manual_Soreq_FINAL.pdf,2026-03-09 18:56:44
FILTER CLAMP,Part,Wet-on-Dry Coating System,188557,Mounted,MOUNTED,2.0,0.0,Mounted baseline from manual BOM: Wet on Dry Coating System Manual_Soreq_FINAL.pdf,2026-03-09 18:56:44
EXTRACTOR CONNECTOR,Part,Wet-on-Dry Coating System,280966,Mounted,MOUNTED,1.0,0.0,Mounted baseline from manual BOM: Wet on Dry Coating System Manual_Soreq_FINAL.pdf,2026-03-09 18:56:44
VALVE SPACER,Part,Wet-on-Dry Coating System,285006,Mounted,MOUNTED,1.0,0.0,Mounted baseline from manual BOM: Wet on Dry Coating System Manual_Soreq_FINAL.pdf,2026-03-09 18:56:44
GAS CONTROL PANEL,Part,Wet-on-Dry Coating System,289110,Mounted,MOUNTED,1.0,0.0,Mounted baseline from manual BOM: Wet on Dry Coating System Manual_Soreq_FINAL.pdf,2026-03-09 18:56:44
"19"" X 18U X CONTROL BOX",Part,Wet-on-Dry Coating System,289111,Mounted,MOUNTED,1.0,0.0,Mounted baseline from manual BOM: Wet on Dry Coating System Manual_Soreq_FINAL.pdf,2026-03-09 18:56:44
QBT-01 MOUNT BRKT,Part,Wet-on-Dry Coating System,H04494,Mounted,MOUNTED,2.0,0.0,Mounted baseline from manual BOM: Wet on Dry Coating System Manual_Soreq_FINAL.pdf,2026-03-09 18:56:44
M3 PLAIN NUT - FULL S/S,Part,Wet-on-Dry Coating System,K00034,Mounted,MOUNTED,8.0,0.0,Mounted baseline from manual BOM: Wet on Dry Coating System Manual_Soreq_FINAL.pdf,2026-03-09 18:56:44
HxNut M4 S/S,Part,Wet-on-Dry Coating System,K00058,Mounted,MOUNTED,8.0,0.0,Mounted baseline from manual BOM: Wet on Dry Coating System Manual_Soreq_FINAL.pdf,2026-03-09 18:56:44
M5 PLAIN NUT - FULL S/S,Part,Wet-on-Dry Coating System,K00060,Mounted,MOUNTED,12.0,0.0,Mounted baseline from manual BOM: Wet on Dry Coating System Manual_Soreq_FINAL.pdf,2026-03-09 18:56:44
PnHd M4 x 10 S/S,Part,Wet-on-Dry Coating System,K00263,Mounted,MOUNTED,4.0,0.0,Mounted baseline from manual BOM: Wet on Dry Coating System Manual_Soreq_FINAL.pdf,2026-03-09 18:56:44
HxCpHd M3x35 S/S,Part,Wet-on-Dry Coating System,K00391,Mounted,MOUNTED,2.0,0.0,Mounted baseline from manual BOM: Wet on Dry Coating System Manual_Soreq_FINAL.pdf,2026-03-09 18:56:44
PnHd M6 x 16 S/S,Part,Wet-on-Dry Coating System,K00723,Mounted,MOUNTED,12.0,0.0,Mounted baseline from manual BOM: Wet on Dry Coating System Manual_Soreq_FINAL.pdf,2026-03-09 18:56:44
6MM FERRULE SET,Part,Wet-on-Dry Coating System,P02213,Mounted,MOUNTED,32.0,0.0,Mounted baseline from manual BOM: Wet on Dry Coating System Manual_Soreq_FINAL.pdf,2026-03-09 18:56:44
"CONNECTOR MALE 1/4"" x 1/4"" NPT",Part,Wet-on-Dry Coating System,P02302,Mounted,MOUNTED,4.0,0.0,Mounted baseline from manual BOM: Wet on Dry Coating System Manual_Soreq_FINAL.pdf,2026-03-09 18:56:44
"CONNECTOR 1/4"" FEMALE",Part,Wet-on-Dry Coating System,P02307,Mounted,MOUNTED,2.0,0.0,Mounted baseline from manual BOM: Wet on Dry Coating System Manual_Soreq_FINAL.pdf,2026-03-09 18:56:44
FILTER FW SERIES 2 MICRON,Part,Wet-on-Dry Coating System,P02393,Mounted,MOUNTED,2.0,0.0,Mounted baseline from manual BOM: Wet on Dry Coating System Manual_Soreq_FINAL.pdf,2026-03-09 18:56:44
3 WAY BALL VALVE,Part,Wet-on-Dry Coating System,P03711,Mounted,MOUNTED,4.0,0.0,Mounted baseline from manual BOM: Wet on Dry Coating System Manual_Soreq_FINAL.pdf,2026-03-09 18:56:44
QSMT(2)-T connector,Part,Wet-on-Dry Coating System,P03732,Mounted,MOUNTED,1.0,0.0,Mounted baseline from manual BOM: Wet on Dry Coating System Manual_Soreq_FINAL.pdf,2026-03-09 18:56:44
"MALE TUBE ADAPTOR 1/4""",Part,Wet-on-Dry Coating System,P03757,Mounted,MOUNTED,2.0,0.0,Mounted baseline from manual BOM: Wet on Dry Coating System Manual_Soreq_FINAL.pdf,2026-03-09 18:56:44
PUSH-IN CROSS 6MM,Part,Wet-on-Dry Coating System,P03765,Mounted,MOUNTED,2.0,0.0,Mounted baseline from manual BOM: Wet on Dry Coating System Manual_Soreq_FINAL.pdf,2026-03-09 18:56:44
"1/4"" 6MM UNION PUSH FIT",Part,Wet-on-Dry Coating System,P03841,Mounted,MOUNTED,8.0,0.0,Mounted baseline from manual BOM: Wet on Dry Coating System Manual_Soreq_FINAL.pdf,2026-03-09 18:56:44
6MM PUSH IN 'Y' CONN,Part,Wet-on-Dry Coating System,P04085,Mounted,MOUNTED,3.0,0.0,Mounted baseline from manual BOM: Wet on Dry Coating System Manual_Soreq_FINAL.pdf,2026-03-09 18:56:44
SHUT-OFF REGULATOR,Part,Wet-on-Dry Coating System,V00064,Mounted,MOUNTED,2.0,0.0,Mounted baseline from manual BOM: Wet on Dry Coating System Manual_Soreq_FINAL.pdf,2026-03-09 18:56:44
PRESSURE RELASE VALVE,Part,Wet-on-Dry Coating System,V00865,Mounted,MOUNTED,2.0,0.0,Mounted baseline from manual BOM: Wet on Dry Coating System Manual_Soreq_FINAL.pdf,2026-03-09 18:56:44
FLOWMETER 50LPM,Part,Wet-on-Dry Coating System,V01173,Mounted,MOUNTED,2.0,0.0,Mounted baseline from manual BOM: Wet on Dry Coating System Manual_Soreq_FINAL.pdf,2026-03-09 18:56:44
FLOWMETER 4.4LPM,Part,Wet-on-Dry Coating System,V01174,Mounted,MOUNTED,2.0,0.0,Mounted baseline from manual BOM: Wet on Dry Coating System Manual_Soreq_FINAL.pdf,2026-03-09 18:56:44
ON/OFF SOLONOID VALVE,Part,Wet-on-Dry Coating System,V01523,Mounted,MOUNTED,2.0,0.0,Mounted baseline from manual BOM: Wet on Dry Coating System Manual_Soreq_FINAL.pdf,2026-03-09 18:56:44
"3/2 SOLENOID VALVE NC M5, CPE10",Part,Wet-on-Dry Coating System,V01533,Mounted,MOUNTED,2.0,0.0,Mounted baseline from manual BOM: Wet on Dry Coating System Manual_Soreq_FINAL.pdf,2026-03-09 18:56:44
PRESSURE GAUGE 0-6BAR,Part,Wet-on-Dry Coating System,V01567,Mounted,MOUNTED,2.0,0.0,Mounted baseline from manual BOM: Wet on Dry Coating System Manual_Soreq_FINAL.pdf,2026-03-09 18:56:44
PID CONTROLLER,Part,Wet-on-Dry Coating System,V01568,Mounted,MOUNTED,2.0,0.0,Mounted baseline from manual BOM: Wet on Dry Coating System Manual_Soreq_FINAL.pdf,2026-03-09 18:56:44
2-WAY VALVE,Part,Wet-on-Dry Coating System,V01816,Mounted,MOUNTED,2.0,0.0,Mounted baseline from manual BOM: Wet on Dry Coating System Manual_Soreq_FINAL.pdf,2026-03-09 18:56:44
MOUNTING BRACKETS,Part,Wet-on-Dry Coating System,V01628,Mounted,MOUNTED,2.0,0.0,Mounted baseline from manual BOM: Wet on Dry Coating System Manual_Soreq_FINAL.pdf,2026-03-09 18:56:44
IF IN DOUBT ASK,Part,63mm Furnace System,0.3,,,0.0,0.0,From manual BOM: 63mm Furnace Manual_Soreq_rev-22-Jul-20_AD.pdf,2026-03-09 19:23:35
IF IN DOUBT ASK,Part,63mm Furnace System,0.3,Mounted,MOUNTED,0.1,0.0,Mounted baseline from manual BOM: 63mm Furnace Manual_Soreq_rev-22-Jul-20_AD.pdf,2026-03-09 19:23:35
TRANSFORMER - SIMPLIFICATION MODEL,Part,63mm Furnace System,EE031166,,,0.0,0.0,From manual BOM: 63mm Furnace Manual_Soreq_rev-22-Jul-20_AD.pdf,2026-03-09 19:23:35
TRANSFORMER - SIMPLIFICATION MODEL,Part,63mm Furnace System,EE031166,Mounted,MOUNTED,1.0,0.0,Mounted baseline from manual BOM: 63mm Furnace Manual_Soreq_rev-22-Jul-20_AD.pdf,2026-03-09 19:23:35
DIODE PAIR ASSY 6000,Part,63mm Furnace System,EE058187,,,0.0,0.0,From manual BOM: 63mm Furnace Manual_Soreq_rev-22-Jul-20_AD.pdf,2026-03-09 19:23:35
DIODE PAIR ASSY 6000,Part,63mm Furnace System,EE058187,Mounted,MOUNTED,3.0,0.0,Mounted baseline from manual BOM: 63mm Furnace Manual_Soreq_rev-22-Jul-20_AD.pdf,2026-03-09 19:23:35
END STOP - ENTRELEC,Part,63mm Furnace System,EE060060,,,0.0,0.0,From manual BOM: 63mm Furnace Manual_Soreq_rev-22-Jul-20_AD.pdf,2026-03-09 19:23:35
END STOP - ENTRELEC,Part,63mm Furnace System,EE060060,Mounted,MOUNTED,2.0,0.0,Mounted baseline from manual BOM: 63mm Furnace Manual_Soreq_rev-22-Jul-20_AD.pdf,2026-03-09 19:23:35
TERMINAL M4/6 GREY & END COVER,Part,63mm Furnace System,EE060063.EE060064,,,0.0,0.0,From manual BOM: 63mm Furnace Manual_Soreq_rev-22-Jul-20_AD.pdf,2026-03-09 19:23:35
TERMINAL M4/6 GREY & END COVER,Part,63mm Furnace System,EE060063.EE060064,Mounted,MOUNTED,9.0,0.0,Mounted baseline from manual BOM: 63mm Furnace Manual_Soreq_rev-22-Jul-20_AD.pdf,2026-03-09 19:23:35
TERMINAL FUSED M4/8.SF,Part,63mm Furnace System,EE060958,,,0.0,0.0,From manual BOM: 63mm Furnace Manual_Soreq_rev-22-Jul-20_AD.pdf,2026-03-09 19:23:35
TERMINAL FUSED M4/8.SF,Part,63mm Furnace System,EE060958,Mounted,MOUNTED,2.0,0.0,Mounted baseline from manual BOM: 63mm Furnace Manual_Soreq_rev-22-Jul-20_AD.pdf,2026-03-09 19:23:35
AIR BLOWER 150CFM 239V 50/60Hz,Part,63mm Furnace System,EL82610,,,0.0,0.0,From manual BOM: 63mm Furnace Manual_Soreq_rev-22-Jul-20_AD.pdf,2026-03-09 19:23:35
AIR BLOWER 150CFM 239V 50/60Hz,Part,63mm Furnace System,EL82610,Mounted,MOUNTED,1.0,0.0,Mounted baseline from manual BOM: 63mm Furnace Manual_Soreq_rev-22-Jul-20_AD.pdf,2026-03-09 19:23:35
6 WAY TERMINAL BLOCK,Part,63mm Furnace System,EE060216,,,0.0,0.0,From manual BOM: 63mm Furnace Manual_Soreq_rev-22-Jul-20_AD.pdf,2026-03-09 19:23:35
6 WAY TERMINAL BLOCK,Part,63mm Furnace System,EE060216,Mounted,MOUNTED,1.0,0.0,Mounted baseline from manual BOM: 63mm Furnace Manual_Soreq_rev-22-Jul-20_AD.pdf,2026-03-09 19:23:35
COVER - 6 WAY TERMINAL BLOCK,Part,63mm Furnace System,EE060217,,,0.0,0.0,From manual BOM: 63mm Furnace Manual_Soreq_rev-22-Jul-20_AD.pdf,2026-03-09 19:23:35
COVER - 6 WAY TERMINAL BLOCK,Part,63mm Furnace System,EE060217,Mounted,MOUNTED,1.0,0.0,Mounted baseline from manual BOM: 63mm Furnace Manual_Soreq_rev-22-Jul-20_AD.pdf,2026-03-09 19:23:35
RTD SENSOR DIA.3 x 100 LONG,Part,63mm Furnace System,EL82911,,,0.0,0.0,From manual BOM: 63mm Furnace Manual_Soreq_rev-22-Jul-20_AD.pdf,2026-03-09 19:23:35
RTD SENSOR DIA.3 x 100 LONG,Part,63mm Furnace System,EL82911,Mounted,MOUNTED,1.0,0.0,Mounted baseline from manual BOM: 63mm Furnace Manual_Soreq_rev-22-Jul-20_AD.pdf,2026-03-09 19:23:35
WATER RETURN,Part,63mm Furnace System,500,,,0.0,0.0,From manual BOM: 63mm Furnace Manual_Soreq_rev-22-Jul-20_AD.pdf,2026-03-09 19:23:35
WATER RETURN,Part,63mm Furnace System,500,Mounted,MOUNTED,200.0,0.0,Mounted baseline from manual BOM: 63mm Furnace Manual_Soreq_rev-22-Jul-20_AD.pdf,2026-03-09 19:23:35
RTD SENSOR DIA.3 x 200 LONG,Part,63mm Furnace System,EL82876,,,0.0,0.0,From manual BOM: 63mm Furnace Manual_Soreq_rev-22-Jul-20_AD.pdf,2026-03-09 19:23:35
RTD SENSOR DIA.3 x 200 LONG,Part,63mm Furnace System,EL82876,Mounted,MOUNTED,1.0,0.0,Mounted baseline from manual BOM: 63mm Furnace Manual_Soreq_rev-22-Jul-20_AD.pdf,2026-03-09 19:23:35
LEAD M12 4 WAY,Part,Manual BOM,EL82559,,,0.0,0.0,From manual BOM: Centering Pulley & break detector.pdf,2026-03-09 19:23:35
LEAD M12 4 WAY,Part,Manual BOM,EL82559,Mounted,MOUNTED,2.0,0.0,Mounted baseline from manual BOM: Centering Pulley & break detector.pdf,2026-03-09 19:23:35
MINIBEAM SENSOR,Part,Manual BOM,EL82573,,,0.0,0.0,From manual BOM: Centering Pulley & break detector.pdf,2026-03-09 19:23:35
MINIBEAM SENSOR,Part,Manual BOM,EL82573,Mounted,MOUNTED,2.0,0.0,Mounted baseline from manual BOM: Centering Pulley & break detector.pdf,2026-03-09 19:23:35
LABEL - OPEN/SHUT,Part,Guide Pulley / Tension Gauge,283830-8,,,0.0,0.0,From manual BOM: Guide Pulley & Tension Gauge.pdf,2026-03-09 19:23:35
LABEL - OPEN/SHUT,Part,Guide Pulley / Tension Gauge,283830-8,Mounted,MOUNTED,1.0,0.0,Mounted baseline from manual BOM: Guide Pulley & Tension Gauge.pdf,2026-03-09 19:23:35
LEGEND PLATE,Part,Guide Pulley / Tension Gauge,EE048248,,,0.0,0.0,From manual BOM: Guide Pulley & Tension Gauge.pdf,2026-03-09 19:23:35
LEGEND PLATE,Part,Guide Pulley / Tension Gauge,EE048248,Mounted,MOUNTED,1.0,0.0,Mounted baseline from manual BOM: Guide Pulley & Tension Gauge.pdf,2026-03-09 19:23:35
5N TENSION SENSOR,Part,Guide Pulley / Tension Gauge,EL82617,,,0.0,0.0,From manual BOM: Guide Pulley & Tension Gauge.pdf,2026-03-09 19:23:35
5N TENSION SENSOR,Part,Guide Pulley / Tension Gauge,EL82617,Mounted,MOUNTED,1.0,0.0,Mounted baseline from manual BOM: Guide Pulley & Tension Gauge.pdf,2026-03-09 19:23:35
"ACTUATOR RMQ WHT-MOM, M22-DL-W",Part,Capstan System,EE048199,,,0.0,0.0,From manual BOM: Mini Capstan.pdf,2026-03-09 19:23:35
"ACTUATOR RMQ WHT-MOM, M22-DL-W",Part,Capstan System,EE048199,Mounted,MOUNTED,1.0,0.0,Mounted baseline from manual BOM: Mini Capstan.pdf,2026-03-09 19:23:35
"ACTUATOR FXG ADAPTOR, FRONT FIXING, RMQ, M22-A",Part,Capstan System,EE048203,,,0.0,0.0,From manual BOM: Mini Capstan.pdf,2026-03-09 19:23:35
"ACTUATOR FXG ADAPTOR, FRONT FIXING, RMQ, M22-A",Part,Capstan System,EE048203,Mounted,MOUNTED,1.0,0.0,Mounted baseline from manual BOM: Mini Capstan.pdf,2026-03-09 19:23:35
GLAND M20 & NUT,Part,Capstan System,EE067092,,,0.0,0.0,From manual BOM: Mini Capstan.pdf,2026-03-09 19:23:35
GLAND M20 & NUT,Part,Capstan System,EE067092,Mounted,MOUNTED,1.0,0.0,Mounted baseline from manual BOM: Mini Capstan.pdf,2026-03-09 19:23:35
MOUNTING ENCLOSURE 1 SWITCH,Part,Capstan System,EE067135,,,0.0,0.0,From manual BOM: Mini Capstan.pdf,2026-03-09 19:23:35
MOUNTING ENCLOSURE 1 SWITCH,Part,Capstan System,EE067135,Mounted,MOUNTED,1.0,0.0,Mounted baseline from manual BOM: Mini Capstan.pdf,2026-03-09 19:23:35
SERVO POT,Part,Take Up Winder,EE0015018,,,0.0,0.0,From manual BOM: Take Up Winder.pdf,2026-03-09 19:23:35
SERVO POT,Part,Take Up Winder,EE0015018,Mounted,MOUNTED,1.0,0.0,Mounted baseline from manual BOM: Take Up Winder.pdf,2026-03-09 19:23:35
POT MOUNTING KIT,Part,Take Up Winder,EL80090,,,0.0,0.0,From manual BOM: Take Up Winder.pdf,2026-03-09 19:23:35
POT MOUNTING KIT,Part,Take Up Winder,EL80090,Mounted,MOUNTED,1.0,0.0,Mounted baseline from manual BOM: Take Up Winder.pdf,2026-03-09 19:23:35
MICROSWITCH - V6 6A,Part,Take Up Winder,EL82590,,,0.0,0.0,From manual BOM: Take Up Winder.pdf,2026-03-09 19:23:35
MICROSWITCH - V6 6A,Part,Take Up Winder,EL82590,Mounted,MOUNTED,1.0,0.0,Mounted baseline from manual BOM: Take Up Winder.pdf,2026-03-09 19:23:35
SHOCK ABSORBER,Part,Take Up Winder,R00082-2,,,0.0,0.0,From manual BOM: Take Up Winder.pdf,2026-03-09 19:23:35
SHOCK ABSORBER,Part,Take Up Winder,R00082-2,Mounted,MOUNTED,1.0,0.0,Mounted baseline from manual BOM: Take Up Winder.pdf,2026-03-09 19:23:35
AJW,Part,Take Up Winder,447,,,0.0,0.0,From manual BOM: Take Up Winder.pdf,2026-03-09 19:23:35
AJW,Part,Take Up Winder,447,Mounted,MOUNTED,262.0,0.0,Mounted baseline from manual BOM: Take Up Winder.pdf,2026-03-09 19:23:35
IONIZING BAR 340mm LONG,Part,Take Up Winder,EL83075,,,0.0,0.0,From manual BOM: Take Up Winder.pdf,2026-03-09 19:23:35
IONIZING BAR 340mm LONG,Part,Take Up Winder,EL83075,Mounted,MOUNTED,1.0,0.0,Mounted baseline from manual BOM: Take Up Winder.pdf,2026-03-09 19:23:35
PROXIMITY SENSOR PNP N/C,Part,Take Up Winder,EL82738,,,0.0,0.0,From manual BOM: Take Up Winder.pdf,2026-03-09 19:23:35
PROXIMITY SENSOR PNP N/C,Part,Take Up Winder,EL82738,Mounted,MOUNTED,2.0,0.0,Mounted baseline from manual BOM: Take Up Winder.pdf,2026-03-09 19:23:35
PROXIMITY SENSOR PNP N/O,Part,Take Up Winder,EL82787,,,0.0,0.0,From manual BOM: Take Up Winder.pdf,2026-03-09 19:23:35
PROXIMITY SENSOR PNP N/O,Part,Take Up Winder,EL82787,Mounted,MOUNTED,1.0,0.0,Mounted baseline from manual BOM: Take Up Winder.pdf,2026-03-09 19:23:35
P-CLIP,Part,Take Up Winder,EE039916,,,0.0,0.0,From manual BOM: Take Up Winder.pdf,2026-03-09 19:23:35
P-CLIP,Part,Take Up Winder,EE039916,Mounted,MOUNTED,3.0,0.0,Mounted baseline from manual BOM: Take Up Winder.pdf,2026-03-09 19:23:35
GLAND,Part,Take Up Winder,EE067092,,,0.0,0.0,From manual BOM: Take Up Winder.pdf,2026-03-09 19:23:35
GLAND,Part,Take Up Winder,EE067092,Mounted,MOUNTED,1.0,0.0,Mounted baseline from manual BOM: Take Up Winder.pdf,2026-03-09 19:23:35
GUARDMASTER UNIT,Part,Take Up Winder,EL82565,,,0.0,0.0,From manual BOM: Take Up Winder.pdf,2026-03-09 19:23:35
GUARDMASTER UNIT,Part,Take Up Winder,EL82565,Mounted,MOUNTED,1.0,0.0,Mounted baseline from manual BOM: Take Up Winder.pdf,2026-03-09 19:23:35
PULLEY 150MM,Part,Take Up Winder,NEW-H04476,,,0.0,0.0,From manual BOM: Take Up Winder.pdf,2026-03-09 19:23:35
PULLEY 150MM,Part,Take Up Winder,NEW-H04476,Mounted,MOUNTED,1.0,0.0,Mounted baseline from manual BOM: Take Up Winder.pdf,2026-03-09 19:23:35
FIRST ISSUE,Part,Take Up Winder,12.2.13,,,0.0,0.0,From manual BOM: Take Up Winder.pdf,2026-03-09 19:23:35
FIRST ISSUE,Part,Take Up Winder,12.2.13,Mounted,MOUNTED,2.0,0.0,Mounted baseline from manual BOM: Take Up Winder.pdf,2026-03-09 19:23:35
LABEL - RESIN BOWL,Part,Wet-on-Dry Coating System,283830-165,,,0.0,0.0,From manual BOM: Wet on Dry Coating System Manual_Soreq_FINAL.pdf,2026-03-09 19:23:35
LABEL - RESIN BOWL,Part,Wet-on-Dry Coating System,283830-165,Mounted,MOUNTED,1.0,0.0,Mounted baseline from manual BOM: Wet on Dry Coating System Manual_Soreq_FINAL.pdf,2026-03-09 19:23:35
"PLASTIC LATCH, AB 800F-ALP",Part,Wet-on-Dry Coating System,EE048400,,,0.0,0.0,From manual BOM: Wet on Dry Coating System Manual_Soreq_FINAL.pdf,2026-03-09 19:23:35
"PLASTIC LATCH, AB 800F-ALP",Part,Wet-on-Dry Coating System,EE048400,Mounted,MOUNTED,1.0,0.0,Mounted baseline from manual BOM: Wet on Dry Coating System Manual_Soreq_FINAL.pdf,2026-03-09 19:23:35
"CONTACT BLOCK 1N/0, AB800F-X10",Part,Wet-on-Dry Coating System,EE048402,,,0.0,0.0,From manual BOM: Wet on Dry Coating System Manual_Soreq_FINAL.pdf,2026-03-09 19:23:35
"CONTACT BLOCK 1N/0, AB800F-X10",Part,Wet-on-Dry Coating System,EE048402,Mounted,MOUNTED,1.0,0.0,Mounted baseline from manual BOM: Wet on Dry Coating System Manual_Soreq_FINAL.pdf,2026-03-09 19:23:35
"LED MODULE 24V AC/DC, WHITE AB 800F-N3W",Part,Wet-on-Dry Coating System,EE048407,,,0.0,0.0,From manual BOM: Wet on Dry Coating System Manual_Soreq_FINAL.pdf,2026-03-09 19:23:35
"LED MODULE 24V AC/DC, WHITE AB 800F-N3W",Part,Wet-on-Dry Coating System,EE048407,Mounted,MOUNTED,1.0,0.0,Mounted baseline from manual BOM: Wet on Dry Coating System Manual_Soreq_FINAL.pdf,2026-03-09 19:23:35
800FP-LF7,Part,Wet-on-Dry Coating System,EE048412,,,0.0,0.0,From manual BOM: Wet on Dry Coating System Manual_Soreq_FINAL.pdf,2026-03-09 19:23:35
800FP-LF7,Part,Wet-on-Dry Coating System,EE048412,Mounted,MOUNTED,1.0,0.0,Mounted baseline from manual BOM: Wet on Dry Coating System Manual_Soreq_FINAL.pdf,2026-03-09 19:23:35
"PLASTIC ENCLOSURE 1-GANG GREY, 800F-1PM",Part,Wet-on-Dry Coating System,EE049036,,,0.0,0.0,From manual BOM: Wet on Dry Coating System Manual_Soreq_FINAL.pdf,2026-03-09 19:23:35
"PLASTIC ENCLOSURE 1-GANG GREY, 800F-1PM",Part,Wet-on-Dry Coating System,EE049036,Mounted,MOUNTED,1.0,0.0,Mounted baseline from manual BOM: Wet on Dry Coating System Manual_Soreq_FINAL.pdf,2026-03-09 19:23:35
GLAND M20 7-13mm BLACK - NO NUT,Part,Wet-on-Dry Coating System,EE067092,,,0.0,0.0,From manual BOM: Wet on Dry Coating System Manual_Soreq_FINAL.pdf,2026-03-09 19:23:35
GLAND M20 7-13mm BLACK - NO NUT,Part,Wet-on-Dry Coating System,EE067092,Mounted,MOUNTED,1.0,0.0,Mounted baseline from manual BOM: Wet on Dry Coating System Manual_Soreq_FINAL.pdf,2026-03-09 19:23:35
LABEL - ON,Part,Wet-on-Dry Coating System,283830-10,,,0.0,0.0,From manual BOM: Wet on Dry Coating System Manual_Soreq_FINAL.pdf,2026-03-09 19:23:35
LABEL - ON,Part,Wet-on-Dry Coating System,283830-10,Mounted,MOUNTED,1.0,0.0,Mounted baseline from manual BOM: Wet on Dry Coating System Manual_Soreq_FINAL.pdf,2026-03-09 19:23:35
PLUG QM 4 WAY CHASSIS MNT PINS,Part,Wet-on-Dry Coating System,EE040086,,,0.0,0.0,From manual BOM: Wet on Dry Coating System Manual_Soreq_FINAL.pdf,2026-03-09 19:23:35
PLUG QM 4 WAY CHASSIS MNT PINS,Part,Wet-on-Dry Coating System,EE040086,Mounted,MOUNTED,1.0,0.0,Mounted baseline from manual BOM: Wet on Dry Coating System Manual_Soreq_FINAL.pdf,2026-03-09 19:23:35
KEYSWITCH 2NO 2NC MAINTAINED,Part,Wet-on-Dry Coating System,EE047004,,,0.0,0.0,From manual BOM: Wet on Dry Coating System Manual_Soreq_FINAL.pdf,2026-03-09 19:23:35
KEYSWITCH 2NO 2NC MAINTAINED,Part,Wet-on-Dry Coating System,EE047004,Mounted,MOUNTED,1.0,0.0,Mounted baseline from manual BOM: Wet on Dry Coating System Manual_Soreq_FINAL.pdf,2026-03-09 19:23:35
"PSU DESKTOP, 5V DC 3A",Part,Wet-on-Dry Coating System,EE061190,,,0.0,0.0,From manual BOM: Wet on Dry Coating System Manual_Soreq_FINAL.pdf,2026-03-09 19:23:35
"PSU DESKTOP, 5V DC 3A",Part,Wet-on-Dry Coating System,EE061190,Mounted,MOUNTED,1.0,0.0,Mounted baseline from manual BOM: Wet on Dry Coating System Manual_Soreq_FINAL.pdf,2026-03-09 19:23:35
CABLE GLAND M16,Part,Wet-on-Dry Coating System,EE067091,,,0.0,0.0,From manual BOM: Wet on Dry Coating System Manual_Soreq_FINAL.pdf,2026-03-09 19:23:35
CABLE GLAND M16,Part,Wet-on-Dry Coating System,EE067091,Mounted,MOUNTED,1.0,0.0,Mounted baseline from manual BOM: Wet on Dry Coating System Manual_Soreq_FINAL.pdf,2026-03-09 19:23:35
BLANK U PANEL,Part,Wet-on-Dry Coating System,186151-18,,,0.0,0.0,From manual BOM: Wet on Dry Coating System Manual_Soreq_FINAL.pdf,2026-03-09 19:23:35
BLANK U PANEL,Part,Wet-on-Dry Coating System,186151-18,Mounted,MOUNTED,1.0,0.0,Mounted baseline from manual BOM: Wet on Dry Coating System Manual_Soreq_FINAL.pdf,2026-03-09 19:23:35
BRACKET SOL VALVE,Part,Wet-on-Dry Coating System,OLD-284874,,,0.0,0.0,From manual BOM: Wet on Dry Coating System Manual_Soreq_FINAL.pdf,2026-03-09 19:23:35
BRACKET SOL VALVE,Part,Wet-on-Dry Coating System,OLD-284874,Mounted,MOUNTED,1.0,0.0,Mounted baseline from manual BOM: Wet on Dry Coating System Manual_Soreq_FINAL.pdf,2026-03-09 19:23:35
PLG QM/EMC 19W CHAS,Part,Wet-on-Dry Coating System,EE040254,,,0.0,0.0,From manual BOM: Wet on Dry Coating System Manual_Soreq_FINAL.pdf,2026-03-09 19:23:35
PLG QM/EMC 19W CHAS,Part,Wet-on-Dry Coating System,EE040254,Mounted,MOUNTED,2.0,0.0,Mounted baseline from manual BOM: Wet on Dry Coating System Manual_Soreq_FINAL.pdf,2026-03-09 19:23:35
Adjustable wrench set,Tool,General Tools,,,,0.0,0.0,Seeded tool template: set qty/location as available.,2026-03-24 10:24:15
Allen / hex key set,Tool,General Tools,,,,0.0,0.0,Seeded tool template: set qty/location as available.,2026-03-24 10:24:15
Screwdriver set (flat/phillips),Tool,General Tools,,,,0.0,0.0,Seeded tool template: set qty/location as available.,2026-03-24 10:24:15
Torque wrench,Tool,General Tools,,,,0.0,0.0,Seeded tool template: set qty/location as available.,2026-03-24 10:24:15
Spanner set,Tool,General Tools,,,,0.0,0.0,Seeded tool template: set qty/location as available.,2026-03-24 10:24:15
Pliers set,Tool,General Tools,,,,0.0,0.0,Seeded tool template: set qty/location as available.,2026-03-24 10:24:15
Side cutter,Tool,General Tools,,,,0.0,0.0,Seeded tool template: set qty/location as available.,2026-03-24 10:24:15
Cleaning brush set,Tool,General Tools,,,,0.0,0.0,Seeded tool template: set qty/location as available.,2026-03-24 10:24:15
