{
  "Hello.csv": {
    "mtime": 1744873677.5629551,
    "size": 146
  },
  "Hello2.csv": {
    "mtime": 1744873677.5629551,
    "size": 146
  },
  "P0498.csv": {
    "mtime": 1746517820.5407736,
    "size": 980
  },
  "T44_ct.csv": {
    "mtime": 1744177132.5627503,
    "size": 507
  },
  "Test1.csv": {
    "mtime": 1744905722.4868162,
    "size": 88
  },
  "Test_V2.csv": {
    "mtime": 1769151416.9439416,
    "size": 90
  },
  "Tt_sc.csv": {
    "mtime": 1743918696.785558,
    "size": 578
  },
  "draw.csv": {
    "mtime": 1744868161.829527,
    "size": 51
  },
  "new_test.csv": {
    "mtime": 1744896956.4505348,
    "size": 91
  },
  "p0t.csv": {
    "mtime": 1744873867.5774548,
    "size": 1262
  },
  "t3333.csv": {
    "mtime": 1744794247.2544644,
    "size": 88
  },
  "tast.csv": {
    "mtime": 1744794092.2937036,
    "size": 99
  },
  "test.csv": {
    "mtime": 1744787420.2406404,
    "size": 99
  },
  "test2.csv": {
    "mtime": 1746600110.5809844,
    "size": 1287
  },
  "test3.csv": {
    "mtime": 1744906018.5734196,
    "size": 88
  },
  "test4.csv": {
    "mtime": 1744906085.650557,
    "size": 88
  },
  "test5.csv": {
    "mtime": 1744906152.3122473,
    "size": 88
  },
  "test6.csv": {
    "mtime": 1744907015.3593094,
    "size": 88
  },
  "test7.csv": {
    "mtime": 1744907112.8196597,
    "size": 155
  },
  "test_2.csv": {
    "mtime": 1746598615.2067976,
    "size": 1703
  },
  "tiger_122coat_22227.csv": {
    "mtime": 1744873938.661778,
    "size": 132
  },
  "tiger_122coat_27.csv": {
    "mtime": 1744873938.661778,
    "size": 132
  },
  "time_tst.csv": {
    "mtime": 1744873540.5593343,
    "size": 159
  },
  "Training3.csv": {
    "mtime": 1743711732.4971802,
    "size": 431343
  },
  "fiber_drawing_logs_adjusted.csv": {
    "mtime": 1743718582.0009437,
    "size": 111904
  },
  "log1.csv": {
    "mtime": 1743718581.994469,
    "size": 13660
  },
  "modified_Training2_19112024_144443.csv": {
    "mtime": 1742574222.073618,
    "size": 438780
  },
  "modified_modified_Training2_19112024_144443.csv": {
    "mtime": 1743718581.9893847,
    "size": 436713
  },
  "simulated_fiber_data.csv": {
    "mtime": 1769286169.6831856,
    "size": 67343
  },
  "\u05e2\u05d5\u05ea\u05e7 \u05e9\u05dc Training125_04122024_1710383.csv": {
    "mtime": 1743711732.471766,
    "size": 1305031
  },
  "\u05e2\u05d5\u05ea\u05e7 \u05e9\u05dc Training3_26112024_173022.csv": {
    "mtime": 1743711732.4827592,
    "size": 659555
  },
  "newst_test.csv": {
    "mtime": 1742574222.073618,
    "size": 438780
  },
  "newst_test2.csv": {
    "mtime": 1769286093.912072,
    "size": 438780
  },
  "newst_test23.csv": {
    "mtime": 1769644342.1192737,
    "size": 438486
  }
}